{"type": "FeatureCollection", "name": "Guarajuba_Condominio_Paraiso_Demonstracao", "crs": {"type": "name", "properties": {"name": "EPSG:4326"}}, "features": [{"type": "Feature", "id": "46515679", "properties": {"highway": "trunk", "name": "Estrada do Coco"}, "geometry": {"type": "LineString", "coordinates": [[-38.0776823, -12.6458896], [-38.0775339, -12.6457458], [-38.0769315, -12.6451618], [-38.0767442, -12.6449752], [-38.0764025, -12.6446347], [-38.0759533, -12.6441739], [-38.075531, -12.6437591], [-38.0740463, -12.6422713], [-38.0721273, -12.6403413], [-38.0717441, -12.6399577], [-38.0716322, -12.6398456], [-38.0705492, -12.6386515], [-38.0699323, -12.6378834], [-38.0698347, -12.637744], [-38.0689761, -12.6365172], [-38.0677503, -12.6346642], [-38.0661906, -12.6322968], [-38.065614, -12.6314174], [-38.0614123, -12.6250285], [-38.0597037, -12.6224216], [-38.0576223, -12.619248], [-38.0570859, -12.6184419], [-38.0566621, -12.6177993], [-38.0563724, -12.6174014], [-38.0560693, -12.6169395], [-38.0559902, -12.6167811], [-38.0554551, -12.6159291], [-38.0551708, -12.6155208], [-38.0548985, -12.6151125]]}}, {"type": "Feature", "id": "48464198", "properties": {"highway": "tertiary", "name": "Alameda Humaitá"}, "geometry": {"type": "LineString", "coordinates": [[-38.0716206, -12.6495943], [-38.0717078, -12.6495882], [-38.0717325, -12.6495864], [-38.071889, -12.6495513], [-38.0719196, -12.6495405], [-38.0719943, -12.649514], [-38.072128, -12.6494493], [-38.0723436, -12.649321], [-38.0723657, -12.6493083], [-38.0724978, -12.6492321], [-38.072699, -12.6490914], [-38.0727961, -12.6490144], [-38.072807, -12.6490057], [-38.0737484, -12.6480949], [-38.0740213, -12.647903], [-38.074118, -12.6478403], [-38.0741905, -12.647801], [-38.0742874, -12.6477597], [-38.0748165, -12.6475764], [-38.074966, -12.6475183], [-38.0750147, -12.6475013], [-38.0752758, -12.6474041], [-38.0754279, -12.6473628], [-38.0755481, -12.6473353], [-38.0756734, -12.6473183], [-38.0757785, -12.647314], [-38.0758867, -12.6473121], [-38.0759843, -12.6473111], [-38.0761188, -12.6473232], [-38.0763374, -12.6473585]]}}, {"type": "Feature", "id": "48788546", "properties": {"highway": "residential", "name": "Rua Principal das Enseadas"}, "geometry": {"type": "LineString", "coordinates": [[-38.0690816, -12.6388354], [-38.0692009, -12.6389463], [-38.0695148, -12.639242], [-38.0702447, -12.6399805], [-38.0703551, -12.6400777], [-38.0703715, -12.6401051], [-38.0703796, -12.6401481], [-38.0703951, -12.6403127], [-38.0704348, -12.6403135], [-38.0704978, -12.6403354], [-38.0715416, -12.6413983], [-38.0716315, -12.6414192], [-38.0716905, -12.6414545], [-38.0723906, -12.6421442], [-38.0724536, -12.6422031], [-38.0724885, -12.6422475], [-38.0725113, -12.6423038], [-38.0725245, -12.6423922], [-38.0726618, -12.642523], [-38.0736634, -12.6435099], [-38.0737585, -12.6435509], [-38.0738135, -12.6435758], [-38.0738591, -12.6436124], [-38.0742762, -12.6440259], [-38.0749907, -12.6447522], [-38.0750538, -12.6448136], [-38.0757234, -12.6454652], [-38.0757994, -12.6455393], [-38.0758663, -12.6456045], [-38.0769302, -12.6466673], [-38.0769423, -12.6466862], [-38.0769423, -12.6467118], [-38.0769335, -12.6467301], [-38.0768303, -12.6468446], [-38.0767974, -12.6468609], [-38.0767505, -12.6468668], [-38.0766687, -12.6468681], [-38.0760545, -12.6468719], [-38.0758203, -12.6468668]]}}, {"type": "Feature", "id": "48788559", "properties": {"highway": "residential", "name": "Alameda Encanto do Lago"}, "geometry": {"type": "LineString", "coordinates": [[-38.0742762, -12.6440259], [-38.0738997, -12.6443758], [-38.0738594, -12.6444358], [-38.0738489, -12.6444958], [-38.073847, -12.6446354], [-38.0738445, -12.6447853], [-38.0738371, -12.6448735], [-38.0738061, -12.6449561], [-38.0734404, -12.645328], [-38.0734167, -12.6453515], [-38.0733875, -12.645409], [-38.0733773, -12.6454499]]}}, {"type": "Feature", "id": "48788561", "properties": {"highway": "residential", "name": "Alameda Enseada do Lago"}, "geometry": {"type": "LineString", "coordinates": [[-38.0757234, -12.6454652], [-38.0755108, -12.6454665], [-38.0752921, -12.6454678], [-38.0734929, -12.645451], [-38.0733773, -12.6454499]]}}, {"type": "Feature", "id": "48788562", "properties": {"highway": "residential", "name": "Rua Principal do Lago"}, "geometry": {"type": "LineString", "coordinates": [[-38.0743873, -12.6461338], [-38.0743087, -12.6461335], [-38.0740368, -12.6461323], [-38.073997, -12.6461216], [-38.0738058, -12.6459252], [-38.073754, -12.6459291], [-38.0736985, -12.6459274], [-38.0736638, -12.645929], [-38.0736208, -12.6459201], [-38.0735825, -12.6458796], [-38.0735737, -12.6458276], [-38.0735941, -12.6457089], [-38.0734472, -12.6455685], [-38.0734061, -12.6455276], [-38.0733864, -12.6454972], [-38.0733773, -12.6454499]]}}, {"type": "Feature", "id": "48788563", "properties": {"highway": "residential", "name": "Alameda Mirante do Lago"}, "geometry": {"type": "LineString", "coordinates": [[-38.075839, -12.6461603], [-38.0750742, -12.6461476], [-38.0746141, -12.64614], [-38.0743873, -12.6461338]]}}, {"type": "Feature", "id": "48788570", "properties": {"landuse": "recreation_ground", "leisure": "park"}, "geometry": {"type": "Polygon", "coordinates": [[[-38.0729308, -12.644909], [-38.0730445, -12.6450239], [-38.0731445, -12.6451216], [-38.0733187, -12.64529], [-38.0733005, -12.6454492], [-38.073298, -12.645471], [-38.0732365, -12.6455013], [-38.073108, -12.6455639], [-38.0730275, -12.645614], [-38.0729419, -12.6456688], [-38.0728015, -12.6458129], [-38.0727922, -12.645804], [-38.0726431, -12.6456043], [-38.0724377, -12.6454662], [-38.0724293, -12.6454645], [-38.0719746, -12.6450243], [-38.0721036, -12.6449131], [-38.0722104, -12.6450163], [-38.0721637, -12.6450611], [-38.0723315, -12.6452279], [-38.0723762, -12.6451852], [-38.072451, -12.6452367], [-38.0724962, -12.6452494], [-38.072534, -12.6452481], [-38.0725696, -12.6452337], [-38.0729308, -12.644909]]]}}, {"type": "Feature", "id": "48788574", "properties": {"highway": "tertiary_link", "name": "Loteamento Guarajuba"}, "geometry": {"type": "LineString", "coordinates": [[-38.0714095, -12.6496731], [-38.0714927, -12.6496794], [-38.0715502, -12.6496955], [-38.0715908, -12.6497219], [-38.0716258, -12.6497602], [-38.0716469, -12.6498002], [-38.0716678, -12.6498407], [-38.0716738, -12.6498947], [-38.0716631, -12.6499555], [-38.0716271, -12.6500487]]}}, {"type": "Feature", "id": "48788575", "properties": {"highway": "tertiary", "name": "Alameda Humaitá"}, "geometry": {"type": "LineString", "coordinates": [[-38.0707651, -12.650557], [-38.0699892, -12.6509959], [-38.0696554, -12.6511847], [-38.069564, -12.6512412], [-38.0695179, -12.6512715], [-38.0693154, -12.6513996], [-38.0692597, -12.6514356], [-38.0692132, -12.6514578], [-38.0691511, -12.6514702], [-38.069096, -12.651459], [-38.0690338, -12.6514112], [-38.0689902, -12.6513417]]}}, {"type": "Feature", "id": "48788581", "properties": {"highway": "residential", "name": "Alameda Atlântica"}, "geometry": {"type": "LineString", "coordinates": [[-38.0708318, -12.6500082], [-38.0707962, -12.6499509], [-38.0707581, -12.6498896], [-38.0707006, -12.6497966], [-38.0706922, -12.6497834], [-38.0706772, -12.6497615], [-38.0705931, -12.6496369], [-38.0703739, -12.6493128], [-38.0700624, -12.6488035], [-38.0700042, -12.6487333], [-38.0699484, -12.6486779], [-38.0697945, -12.6485851], [-38.0684723, -12.6477875], [-38.0682941, -12.6476921], [-38.0682061, -12.647645], [-38.068113, -12.6475917], [-38.0680306, -12.6475402], [-38.0673638, -12.6471233], [-38.0670221, -12.6469192], [-38.0669564, -12.6468891], [-38.066892, -12.6468708], [-38.066567, -12.6468513], [-38.0655617, -12.6467909], [-38.0647248, -12.6467412], [-38.064118, -12.646696], [-38.063775, -12.6466704], [-38.0637014, -12.6466657], [-38.0636042, -12.6466598], [-38.0627062, -12.6466054], [-38.0625287, -12.6465946], [-38.0624141, -12.6465632], [-38.0623148, -12.6465044], [-38.0622444, -12.6464291], [-38.0621599, -12.6463113], [-38.0617476, -12.6455295], [-38.0617221, -12.6454392], [-38.06171, -12.6453332], [-38.0617151, -12.6452855], [-38.0617194, -12.6452455], [-38.0617583, -12.6450928]]}}, {"type": "Feature", "id": "48788589", "properties": {"highway": "residential", "name": "Rua Praia de Itapoã"}, "geometry": {"type": "LineString", "coordinates": [[-38.0651131, -12.6490748], [-38.065162, -12.6491578], [-38.0652317, -12.6492655], [-38.0653028, -12.6493584], [-38.0653775, -12.6494158], [-38.0654276, -12.6494377], [-38.0654879, -12.6494488], [-38.065553, -12.6494487], [-38.0656603, -12.6494493], [-38.0657426, -12.6494524], [-38.0657928, -12.6494558], [-38.0658673, -12.6494743], [-38.0659619, -12.6495161], [-38.06607, -12.6495643], [-38.0667834, -12.6498948], [-38.0675045, -12.6502692], [-38.0676473, -12.6503346], [-38.067727, -12.6503634], [-38.0678067, -12.6503777], [-38.0678911, -12.6503701], [-38.0680364, -12.650351], [-38.0682842, -12.6503162], [-38.0685768, -12.6502769], [-38.0687431, -12.6502506], [-38.0688561, -12.6502089]]}}, {"type": "Feature", "id": "48788590", "properties": {"highway": "residential", "name": "Rua Delta do Parnaíba"}, "geometry": {"type": "LineString", "coordinates": [[-38.069711, -12.6499341], [-38.0696306, -12.6497746], [-38.0694329, -12.6494421], [-38.0693739, -12.64936], [-38.0692942, -12.6492764], [-38.068227, -12.6486762], [-38.0677826, -12.6484492], [-38.0677637, -12.6484384], [-38.0676983, -12.648398], [-38.0671093, -12.6480977], [-38.0665796, -12.647775], [-38.0664756, -12.6477344], [-38.0663777, -12.6477102], [-38.0662349, -12.6476965], [-38.0653565, -12.6476703]]}}, {"type": "Feature", "id": "48788592", "properties": {"highway": "residential", "name": "Rua Praia de Atalaia"}, "geometry": {"type": "LineString", "coordinates": [[-38.0688561, -12.6502089], [-38.0687952, -12.6500903], [-38.0687407, -12.6500097], [-38.0686888, -12.649944], [-38.068616, -12.6498793], [-38.0685177, -12.6498188], [-38.0681305, -12.6496475], [-38.0678194, -12.6494816], [-38.0677733, -12.649457], [-38.0673123, -12.6492227], [-38.0672147, -12.6491731], [-38.0666858, -12.6488901], [-38.0661544, -12.6485928], [-38.066082, -12.6485608], [-38.066025, -12.6485405], [-38.0659325, -12.6485228], [-38.0658547, -12.648515], [-38.0657648, -12.6485169], [-38.0651727, -12.6485457]]}}, {"type": "Feature", "id": "48788593", "properties": {"highway": "residential", "name": "Rua Praia de Pajussara"}, "geometry": {"type": "LineString", "coordinates": [[-38.0682061, -12.647645], [-38.068136, -12.647697], [-38.0680551, -12.6477913], [-38.068013, -12.6478629], [-38.0679527, -12.6479655], [-38.0677566, -12.6482989], [-38.0676983, -12.648398]]}}, {"type": "Feature", "id": "48788594", "properties": {"highway": "residential", "name": "Rua Praia de Boa Viagem"}, "geometry": {"type": "LineString", "coordinates": [[-38.0671093, -12.6480977], [-38.0666858, -12.6488901]]}}, {"type": "Feature", "id": "48788595", "properties": {"highway": "residential", "name": "Rua Praia de Tambaú"}, "geometry": {"type": "LineString", "coordinates": [[-38.068227, -12.6486762], [-38.0681624, -12.6487735], [-38.0678678, -12.649291], [-38.0677733, -12.649457]]}}, {"type": "Feature", "id": "48788597", "properties": {"highway": "residential", "name": "Rua Praia de Iracema"}, "geometry": {"type": "LineString", "coordinates": [[-38.0672147, -12.6491731], [-38.0667834, -12.6498948]]}}, {"type": "Feature", "id": "48788599", "properties": {"highway": "residential"}, "geometry": {"type": "LineString", "coordinates": [[-38.0791403, -12.6489252], [-38.0784823, -12.6497501]]}}, {"type": "Feature", "id": "48788602", "properties": {"landuse": "residential", "name": "Vila Bonito"}, "geometry": {"type": "Polygon", "coordinates": [[[-38.0798948, -12.6509443], [-38.0794446, -12.6505694], [-38.0791192, -12.6509769], [-38.0795736, -12.6513307], [-38.0798948, -12.6509443]]]}}, {"type": "Feature", "id": "48788605", "properties": {"highway": "footway", "name": "Passarela Mar Azul"}, "geometry": {"type": "LineString", "coordinates": [[-38.0643746, -12.6503139], [-38.064536, -12.650342], [-38.0652093, -12.6502635], [-38.0661422, -12.650629], [-38.0663342, -12.6507277], [-38.0664528, -12.6508038], [-38.0666484, -12.6510033], [-38.0674598, -12.6511859], [-38.0679183, -12.651506], [-38.0680999, -12.6516328]]}}, {"type": "Feature", "id": "48788741", "properties": {"highway": "residential", "name": "Rua Saramonete"}, "geometry": {"type": "LineString", "coordinates": [[-38.0765138, -12.6569046], [-38.0764618, -12.6569141], [-38.0763958, -12.6569217], [-38.0762965, -12.6569138], [-38.0762637, -12.6569038], [-38.0762382, -12.6568867], [-38.0762238, -12.656869], [-38.076212, -12.6568451], [-38.0760129, -12.65648], [-38.0759933, -12.656458], [-38.075973, -12.6564369], [-38.0757795, -12.6562569], [-38.075632, -12.6560999], [-38.0753758, -12.6558451], [-38.0752189, -12.6557152], [-38.0742785, -12.6547634], [-38.0741749, -12.6547216], [-38.0738483, -12.6545905]]}}, {"type": "Feature", "id": "48788742", "properties": {"highway": "residential", "name": "Rua Salmão"}, "geometry": {"type": "LineString", "coordinates": [[-38.0755944, -12.6530939], [-38.0754188, -12.6533114], [-38.0751265, -12.6537174], [-38.0746871, -12.6542519], [-38.0742785, -12.6547634]]}}, {"type": "Feature", "id": "48788743", "properties": {"highway": "residential", "name": "Rua Garoupa"}, "geometry": {"type": "LineString", "coordinates": [[-38.0765587, -12.654743], [-38.0763502, -12.6549046], [-38.0761403, -12.6550923], [-38.0759458, -12.6552978], [-38.0757353, -12.6554918], [-38.0753758, -12.6558451]]}}, {"type": "Feature", "id": "48788744", "properties": {"highway": "residential", "name": "Rua Acara"}, "geometry": {"type": "LineString", "coordinates": [[-38.0761403, -12.6550923], [-38.0751265, -12.6537174]]}}, {"type": "Feature", "id": "48788745", "properties": {"highway": "residential", "name": "Rua Golfinho"}, "geometry": {"type": "LineString", "coordinates": [[-38.0757353, -12.6554918], [-38.0746871, -12.6542519]]}}, {"type": "Feature", "id": "48788748", "properties": {"highway": "residential", "name": "Rua Piragia"}, "geometry": {"type": "LineString", "coordinates": [[-38.0745263, -12.6521848], [-38.0745269, -12.6521517], [-38.0745189, -12.652122], [-38.0745035, -12.6520938], [-38.074482, -12.6520768], [-38.0744394, -12.6520621], [-38.0740052, -12.6520068], [-38.0739208, -12.6519937], [-38.0738711, -12.6519787], [-38.0737692, -12.651927], [-38.0731577, -12.6515541], [-38.0731481, -12.6515344], [-38.073135, -12.6515171], [-38.072345, -12.6510428], [-38.0723191, -12.6510228], [-38.0722987, -12.6510006], [-38.0721371, -12.6506303], [-38.0720803, -12.6505709], [-38.0720431, -12.6505532], [-38.0720045, -12.6505502], [-38.071966, -12.6505609]]}}, {"type": "Feature", "id": "48788749", "properties": {"highway": "residential", "name": "Rua Tucunare"}, "geometry": {"type": "LineString", "coordinates": [[-38.0731577, -12.6515541], [-38.0728358, -12.6520644]]}}, {"type": "Feature", "id": "48788750", "properties": {"highway": "residential", "name": "Rua Carpa"}, "geometry": {"type": "Polygon", "coordinates": [[[-38.073304, -12.6542722], [-38.0732929, -12.6543105], [-38.0732707, -12.654344], [-38.0732394, -12.6543696], [-38.0731611, -12.6543891], [-38.0731211, -12.6543812], [-38.0730852, -12.6543621], [-38.0730682, -12.6543451], [-38.0730567, -12.6543335], [-38.0730509, -12.6543225], [-38.0730381, -12.6542981], [-38.073031, -12.6542588], [-38.0730361, -12.6542193], [-38.0730529, -12.6541829], [-38.0730799, -12.654153], [-38.0730891, -12.6541475], [-38.0731148, -12.6541323], [-38.0731544, -12.6541224], [-38.0731952, -12.6541244], [-38.0732336, -12.6541381], [-38.0732661, -12.6541621], [-38.07329, -12.6541945], [-38.073303, -12.6542323], [-38.073304, -12.6542722]]]}}, {"type": "Feature", "id": "48788755", "properties": {"highway": "residential", "name": "Rua Carpa"}, "geometry": {"type": "LineString", "coordinates": [[-38.07413, -12.6525001], [-38.0732336, -12.6541381]]}}, {"type": "Feature", "id": "48788756", "properties": {"highway": "residential", "name": "Rua Dourado"}, "geometry": {"type": "LineString", "coordinates": [[-38.0733454, -12.6522489], [-38.0733011, -12.6523917], [-38.0731135, -12.6529958], [-38.0729495, -12.6535718], [-38.072931, -12.6536307], [-38.0729102, -12.6536706], [-38.0728787, -12.6537184], [-38.0728291, -12.6537576], [-38.0727627, -12.6537917], [-38.0727198, -12.653807], [-38.0726786, -12.653812], [-38.0726303, -12.6538044], [-38.0725837, -12.653776]]}}, {"type": "Feature", "id": "48788758", "properties": {"highway": "residential", "name": "Rua Enchova"}, "geometry": {"type": "LineString", "coordinates": [[-38.0722405, -12.6518266], [-38.0721855, -12.6518852], [-38.0718943, -12.6521956], [-38.0716972, -12.6524413], [-38.0715805, -12.6525607], [-38.0712761, -12.6529922]]}}, {"type": "Feature", "id": "48788759", "properties": {"highway": "residential", "name": "Rua Aracai"}, "geometry": {"type": "LineString", "coordinates": [[-38.0731135, -12.6529958], [-38.0716972, -12.6524413]]}}, {"type": "Feature", "id": "48788760", "properties": {"highway": "residential", "name": "Rua Marlim"}, "geometry": {"type": "LineString", "coordinates": [[-38.0718943, -12.6521956], [-38.0709345, -12.6513382]]}}, {"type": "Feature", "id": "48788761", "properties": {"highway": "residential", "name": "Rua Badejo"}, "geometry": {"type": "LineString", "coordinates": [[-38.0715805, -12.6525607], [-38.0706997, -12.65207], [-38.0703622, -12.6518575], [-38.0702183, -12.6517467]]}}, {"type": "Feature", "id": "48788770", "properties": {"landuse": "retail", "name": "Guarajuba Summer House"}, "geometry": {"type": "Polygon", "coordinates": [[[-38.0713615, -12.6496056], [-38.07127, -12.6494413], [-38.070967, -12.6496042], [-38.070643, -12.6496071], [-38.0706979, -12.6497022], [-38.0707281, -12.6497448], [-38.0707509, -12.6497845], [-38.0707772, -12.6498267], [-38.0708013, -12.6498641], [-38.0708196, -12.6498925], [-38.0708545, -12.649917], [-38.0708879, -12.649917], [-38.0709433, -12.6499079], [-38.0713615, -12.6496056]]]}}, {"type": "Feature", "id": "48788773", "properties": {"leisure": "park", "name": "Praça João Fonseca"}, "geometry": {"type": "Polygon", "coordinates": [[[-38.0711599, -12.6502904], [-38.0700215, -12.6509415], [-38.0699458, -12.6509596], [-38.0698928, -12.6509571], [-38.069845, -12.6509412], [-38.0698045, -12.6509109], [-38.069777, -12.6508643], [-38.0697534, -12.6507956], [-38.0697554, -12.6507256], [-38.0697762, -12.6506893], [-38.0698366, -12.6506366], [-38.0709652, -12.6499801], [-38.0711599, -12.6502904]]]}}, {"type": "Feature", "id": "48788779", "properties": {"building": "yes"}, "geometry": {"type": "Polygon", "coordinates": [[[-38.0739321, -12.6477613], [-38.0739306, -12.6477541], [-38.0739316, -12.6477468], [-38.0739351, -12.6477402], [-38.0739405, -12.6477351], [-38.0739474, -12.6477321], [-38.073955, -12.6477314], [-38.073962, -12.6477331], [-38.0739682, -12.6477369], [-38.0739728, -12.6477424], [-38.0739753, -12.6477491], [-38.0739756, -12.6477562], [-38.0739735, -12.647763], [-38.0739693, -12.6477688], [-38.0739634, -12.647773], [-38.0739565, -12.6477752], [-38.0739489, -12.647775], [-38.0739418, -12.6477724], [-38.073936, -12.6477677], [-38.0739321, -12.6477613]]]}}, {"type": "Feature", "id": "48790535", "properties": {"highway": "residential", "name": "Rua A"}, "geometry": {"type": "LineString", "coordinates": [[-38.0844017, -12.6546053], [-38.0843137, -12.6545537], [-38.083667, -12.6540462], [-38.0829142, -12.6534345], [-38.0814246, -12.6521946], [-38.0804746, -12.6513458], [-38.0799585, -12.650947], [-38.0784823, -12.6497501]]}}, {"type": "Feature", "id": "48790541", "properties": {"landuse": "residential", "name": "Condominio Água"}, "geometry": {"type": "Polygon", "coordinates": [[[-38.0841889, -12.6551066], [-38.0837224, -12.654999], [-38.0834767, -12.6547806], [-38.0833682, -12.6546842], [-38.0824549, -12.6538724], [-38.0823602, -12.6537862], [-38.0823124, -12.6537416], [-38.0822648, -12.6537371], [-38.0822329, -12.6537365], [-38.0821955, -12.6536959], [-38.0821681, -12.6536478], [-38.0821213, -12.6536285], [-38.0820945, -12.6536175], [-38.0820889, -12.6535494], [-38.0821134, -12.6534611], [-38.0820835, -12.6534338], [-38.08203, -12.6534134], [-38.0819914, -12.6533804], [-38.0820632, -12.6533242], [-38.0820779, -12.6532832], [-38.0820424, -12.6532424], [-38.0819361, -12.6531911], [-38.0817708, -12.6531112], [-38.0816672, -12.6530612], [-38.0816195, -12.6530382], [-38.0815604, -12.652992], [-38.0815102, -12.6529526], [-38.0814283, -12.6528885], [-38.0812397, -12.6527409], [-38.0809405, -12.6523819], [-38.0807566, -12.6525171], [-38.0804786, -12.6524804], [-38.0802629, -12.6522269], [-38.0799475, -12.6518602], [-38.0797735, -12.6516088], [-38.0795736, -12.6513307], [-38.0791192, -12.6509769], [-38.0786134, -12.6506023], [-38.0784802, -12.6505261], [-38.0783551, -12.6505532], [-38.078223, -12.6504277], [-38.0780736, -12.6503361], [-38.077945, -12.6502853], [-38.0777225, -12.650092], [-38.0775348, -12.649841], [-38.0772551, -12.6493853], [-38.0771086, -12.6492541], [-38.0769771, -12.6491362], [-38.0768539, -12.6490829], [-38.0764629, -12.6487151], [-38.0765617, -12.6485967], [-38.0760587, -12.6481457], [-38.075908, -12.6483082], [-38.0756988, -12.6481313], [-38.0756154, -12.648045], [-38.0751963, -12.6475887], [-38.0754201, -12.6475119], [-38.0756419, -12.6474638], [-38.0759968, -12.6474671], [-38.0773821, -12.6476534], [-38.0778544, -12.6475728], [-38.0787938, -12.6475071], [-38.07943, -12.64772], [-38.0822069, -12.6499422], [-38.0837921, -12.6518223], [-38.0852707, -12.6537683], [-38.0841889, -12.6551066]]]}}, {"type": "Feature", "id": "48790542", "properties": {"landuse": "greenfield"}, "geometry": {"type": "Polygon", "coordinates": [[[-38.0775187, -12.6472679], [-38.0772982, -12.6469964], [-38.0772335, -12.6469096], [-38.0772055, -12.6468721], [-38.077167, -12.6468514], [-38.0771541, -12.6467938], [-38.0772047, -12.6467488], [-38.0773719, -12.6466002], [-38.0771359, -12.646359], [-38.0774829, -12.6460617], [-38.0776898, -12.6462763], [-38.0777546, -12.6463364], [-38.0779933, -12.6465581], [-38.0783244, -12.6468975], [-38.0783696, -12.6469439], [-38.078492, -12.6470748], [-38.0785053, -12.6471113], [-38.078501, -12.6471391], [-38.0784669, -12.6471689], [-38.0784024, -12.6471797], [-38.0782983, -12.647192], [-38.0781727, -12.6472154], [-38.0779501, -12.6472706], [-38.077752, -12.6473446], [-38.0776345, -12.6473902], [-38.0775187, -12.6472679]]]}}, {"type": "Feature", "id": "48790543", "properties": {"landuse": "residential", "name": "Condomínio Paraíso dos Lagos"}, "geometry": {"type": "Polygon", "coordinates": [[[-38.0772869, -12.6465132], [-38.0756258, -12.644825], [-38.0755122, -12.6447099], [-38.0752165, -12.6444101], [-38.0750649, -12.6442563], [-38.0749466, -12.6441364], [-38.0748754, -12.6440642], [-38.0744534, -12.6436364], [-38.0741168, -12.6432951], [-38.0740178, -12.6433735], [-38.0739243, -12.6433734], [-38.0738586, -12.6431864], [-38.0738413, -12.6431371], [-38.0737917, -12.642996], [-38.0724007, -12.6416205], [-38.0719065, -12.6411262], [-38.0718944, -12.6411824], [-38.0716874, -12.641368], [-38.0715499, -12.6413198], [-38.07146, -12.6412375], [-38.0712118, -12.6410124], [-38.0711381, -12.6409266], [-38.0713879, -12.6406332], [-38.0711968, -12.6404415], [-38.0697427, -12.6389808], [-38.069361, -12.6386013], [-38.0692092, -12.638468], [-38.0691483, -12.6385877], [-38.0690976, -12.6386874], [-38.0690525, -12.638776], [-38.06901, -12.6387783], [-38.0689908, -12.6387956], [-38.0689741, -12.6388263], [-38.0689778, -12.638858], [-38.0689628, -12.6388882], [-38.0687263, -12.6394024], [-38.0686658, -12.6395556], [-38.0682475, -12.640326], [-38.0681465, -12.6404415], [-38.0680999, -12.6404874], [-38.0680125, -12.640645], [-38.0680243, -12.6407013], [-38.0680273, -12.6407157], [-38.068095, -12.6407682], [-38.0683459, -12.6410231], [-38.0684863, -12.6411512], [-38.0685519, -12.6412111], [-38.0689133, -12.6415406], [-38.0690233, -12.6416287], [-38.0693325, -12.6418762], [-38.0693747, -12.6419154], [-38.0695844, -12.64211], [-38.0696008, -12.6421249], [-38.0699026, -12.6423967], [-38.069973, -12.6424596], [-38.0700068, -12.6424897], [-38.0701536, -12.6426329], [-38.0702323, -12.6426772], [-38.0702501, -12.6426872], [-38.0703078, -12.6427445], [-38.0703561, -12.6428194], [-38.0703894, -12.642871], [-38.0704204, -12.6429246], [-38.0704872, -12.6429865], [-38.0705174, -12.6430146], [-38.0705846, -12.6430528], [-38.070634, -12.6430545], [-38.0707307, -12.6431341], [-38.0706884, -12.6432209], [-38.0706934, -12.6432613], [-38.0707106, -12.6432891], [-38.0707343, -12.6433022], [-38.0707569, -12.6432977], [-38.0707846, -12.6432853], [-38.0708181, -12.6432958], [-38.0708432, -12.6433249], [-38.0708517, -12.6433898], [-38.0708645, -12.6434189], [-38.0708772, -12.643448], [-38.0708562, -12.6435305], [-38.0709105, -12.6436494], [-38.0709922, -12.6437711], [-38.0710892, -12.6440101], [-38.0711071, -12.6440415], [-38.0711284, -12.6440668], [-38.0711611, -12.6440828], [-38.071181, -12.6441003], [-38.0712048, -12.6441226], [-38.0712483, -12.6442186], [-38.0712808, -12.6442865], [-38.0712914, -12.6443059], [-38.0713081, -12.6443362], [-38.0713322, -12.6443801], [-38.0713636, -12.6444492], [-38.0713917, -12.6444786], [-38.0714709, -12.6445615], [-38.0714854, -12.6445767], [-38.0715145, -12.6446072], [-38.0715957, -12.6446922], [-38.0717052, -12.6448068], [-38.0718614, -12.6449703], [-38.0719316, -12.6450438], [-38.0720016, -12.6451171], [-38.0721411, -12.6452631], [-38.0723802, -12.6455135], [-38.0729065, -12.6460646], [-38.0730984, -12.6458731], [-38.0734549, -12.6458774], [-38.073456, -12.6459274], [-38.0735695, -12.6460479], [-38.073641, -12.646049], [-38.0736975, -12.6460595], [-38.0737495, -12.6460657], [-38.0737706, -12.6460821], [-38.073781, -12.646107], [-38.0737843, -12.6461531], [-38.0738023, -12.6461809], [-38.073847, -12.6462039], [-38.0739181, -12.6462069], [-38.073979, -12.6462701], [-38.0743292, -12.6462832], [-38.0748859, -12.6467994], [-38.0749133, -12.6468276], [-38.0749681, -12.6468799], [-38.074992, -12.6468899], [-38.0750095, -12.6468937], [-38.0752801, -12.6468945], [-38.0753134, -12.6469121], [-38.0753029, -12.6472269], [-38.0753647, -12.6472437], [-38.0754141, -12.6472391], [-38.0754889, -12.6472376], [-38.0755549, -12.6472362], [-38.0755941, -12.6472316], [-38.07563, -12.6472152], [-38.0756414, -12.6471894], [-38.0756449, -12.6471464], [-38.0756461, -12.6471387], [-38.0756871, -12.6471393], [-38.0757284, -12.6471389], [-38.0757269, -12.647181], [-38.0758189, -12.6471814], [-38.0759688, -12.6471791], [-38.0759706, -12.6471534], [-38.0760317, -12.6471541], [-38.0760431, -12.6472077], [-38.0760685, -12.6472186], [-38.0764648, -12.6472084], [-38.0766419, -12.6472143], [-38.0768994, -12.6472071], [-38.0769168, -12.6469944], [-38.0771642, -12.6468511], [-38.0771515, -12.6467949], [-38.0773715, -12.6466], [-38.0772869, -12.6465132]]]}}, {"type": "Feature", "id": "48790544", "properties": {"landuse": "recreation_ground", "leisure": "park", "name": "Praça Primavera"}, "geometry": {"type": "Polygon", "coordinates": [[[-38.0681258, -12.6487217], [-38.0681251, -12.6487507], [-38.0680179, -12.6489517], [-38.0678107, -12.6493112], [-38.0677749, -12.6493464], [-38.0677347, -12.649365], [-38.0676894, -12.6493613], [-38.06763, -12.6493352], [-38.0673361, -12.6491842], [-38.0671565, -12.6490919], [-38.0668155, -12.6489153], [-38.0667821, -12.6488816], [-38.0667684, -12.6488546], [-38.0667663, -12.6488326], [-38.0667682, -12.6488106], [-38.0668104, -12.6487255], [-38.0669429, -12.6484832], [-38.0670164, -12.6483539], [-38.0671533, -12.6481813], [-38.0676184, -12.6484134], [-38.067757, -12.6484831], [-38.0679949, -12.6486237], [-38.0681072, -12.6486965], [-38.0681258, -12.6487217]]]}}, {"type": "Feature", "id": "48876606", "properties": {"landuse": "retail"}, "geometry": {"type": "Polygon", "coordinates": [[[-38.0758177, -12.6445533], [-38.0759408, -12.644624], [-38.0761021, -12.6446667], [-38.0762245, -12.6447706], [-38.0766194, -12.6451612], [-38.0773132, -12.6458851], [-38.0772168, -12.6459737], [-38.077027, -12.6461435], [-38.0769625, -12.6461818], [-38.0766259, -12.645839], [-38.0765202, -12.6457318], [-38.076331, -12.64554], [-38.0761618, -12.6453684], [-38.0760286, -12.6452334], [-38.0758743, -12.6450769], [-38.0756258, -12.644825], [-38.0755122, -12.6447099], [-38.0752165, -12.6444101], [-38.0750649, -12.6442563], [-38.0749466, -12.6441364], [-38.0748754, -12.6440642], [-38.0750896, -12.6438446], [-38.0751013, -12.6438298], [-38.0751219, -12.643851], [-38.0754691, -12.6442079], [-38.0758177, -12.6445533]]]}}, {"type": "Feature", "id": "49856905", "properties": {"highway": "tertiary", "name": "Alameda Humaitá"}, "geometry": {"type": "LineString", "coordinates": [[-38.0689902, -12.6513417], [-38.0689495, -12.6512678], [-38.0689324, -12.6511863], [-38.0689428, -12.6511421], [-38.0689755, -12.6510916], [-38.0690311, -12.6510494], [-38.0691886, -12.6509585], [-38.0693503, -12.6508651], [-38.0697673, -12.6506273], [-38.0700812, -12.6504483], [-38.070212, -12.6503717], [-38.0705533, -12.6501719]]}}, {"type": "Feature", "id": "58868522", "properties": {"landuse": "retail"}, "geometry": {"type": "Polygon", "coordinates": [[[-38.0682467, -12.6516437], [-38.0682236, -12.6515167], [-38.0682452, -12.6513895], [-38.0682871, -12.6513062], [-38.0683484, -12.6512352], [-38.0684256, -12.6511809], [-38.0685139, -12.6511463], [-38.0686081, -12.6511337], [-38.0687027, -12.6511437], [-38.068792, -12.6511757], [-38.0688708, -12.6512278], [-38.0689342, -12.651297], [-38.0689902, -12.6514138], [-38.0690031, -12.6515421], [-38.0689713, -12.6516673], [-38.0688985, -12.651775], [-38.068793, -12.6518527], [-38.068665, -12.6518803], [-38.0685329, -12.6518569], [-38.0684275, -12.6518251], [-38.068312, -12.6517559], [-38.0682467, -12.6516437]]]}}, {"type": "Feature", "id": "58994136", "properties": {"highway": "footway", "name": "Passarela Atlântica Esmeralda"}, "geometry": {"type": "LineString", "coordinates": [[-38.0730558, -12.6549871], [-38.0731068, -12.6550199], [-38.0731338, -12.6550357], [-38.0731458, -12.6550428], [-38.0737581, -12.6554012], [-38.0737958, -12.6554348], [-38.0745124, -12.6561106], [-38.0746517, -12.6562392], [-38.0746837, -12.6562616], [-38.0747375, -12.6563085], [-38.0748441, -12.6564014], [-38.0752145, -12.656751], [-38.0753749, -12.65694], [-38.0756437, -12.6572565], [-38.0756932, -12.657331], [-38.0757764, -12.6574563], [-38.0758657, -12.6575908], [-38.0760379, -12.6578501], [-38.0762112, -12.6581112], [-38.0763571, -12.6582802], [-38.0773122, -12.6593864], [-38.0781496, -12.6603562], [-38.0782712, -12.660497], [-38.0784196, -12.660637], [-38.0788767, -12.6610683], [-38.0796289, -12.6618366], [-38.0805338, -12.6626841], [-38.0814702, -12.6635652], [-38.0818297, -12.6639709], [-38.0821998, -12.6644629], [-38.0826397, -12.6651145], [-38.0828489, -12.6655201], [-38.082924, -12.6656745]]}}, {"type": "Feature", "id": "59669394", "properties": {"landuse": "residential", "name": "Condominio Villa da Praia"}, "geometry": {"type": "Polygon", "coordinates": [[[-38.0698439, -12.6512061], [-38.0699852, -12.6514683], [-38.0695232, -12.6517098], [-38.0693649, -12.6514802], [-38.0698439, -12.6512061]]]}}, {"type": "Feature", "id": "59990858", "properties": {"highway": "footway"}, "geometry": {"type": "LineString", "coordinates": [[-38.0723676, -12.6484133], [-38.0725141, -12.6486243], [-38.0725749, -12.6486788], [-38.07267, -12.6487023], [-38.0728206, -12.6488714]]}}, {"type": "Feature", "id": "65723611", "properties": {"building": "apartments"}, "geometry": {"type": "Polygon", "coordinates": [[[-38.0698641, -12.651298], [-38.0699064, -12.6513404], [-38.0699269, -12.6513947], [-38.0699121, -12.651406], [-38.0699268, -12.6514297], [-38.0695299, -12.6517004], [-38.0694476, -12.6515845], [-38.0698641, -12.651298]]]}}, {"type": "Feature", "id": "65723622", "properties": {"building": "yes"}, "geometry": {"type": "Polygon", "coordinates": [[[-38.0693337, -12.6523738], [-38.0693736, -12.6525251], [-38.0692796, -12.6525527], [-38.0692458, -12.6523962], [-38.0693337, -12.6523738]]]}}, {"type": "Feature", "id": "65723645", "properties": {"building": "retail"}, "geometry": {"type": "Polygon", "coordinates": [[[-38.0765094, -12.6453938], [-38.0763682, -12.6455242], [-38.0755118, -12.6446868], [-38.075633, -12.6445694], [-38.0765094, -12.6453938]]]}}, {"type": "Feature", "id": "65723666", "properties": {"building": "yes", "name": "La Cantina"}, "geometry": {"type": "Polygon", "coordinates": [[[-38.073568, -12.6481683], [-38.0733823, -12.6482563], [-38.0733527, -12.6481968], [-38.0732215, -12.6482611], [-38.0731485, -12.6483011], [-38.0730928, -12.6481881], [-38.0734537, -12.6480209], [-38.073473, -12.6480597], [-38.0735371, -12.6480293], [-38.0735439, -12.648043], [-38.0735667, -12.6480888], [-38.0735357, -12.6481034], [-38.073568, -12.6481683]]]}}, {"type": "Feature", "id": "65723712", "properties": {"building": "apartments"}, "geometry": {"type": "Polygon", "coordinates": [[[-38.076453, -12.6477187], [-38.0761877, -12.6476927], [-38.0761667, -12.6476442], [-38.0761829, -12.6475536], [-38.0764741, -12.6475892], [-38.076453, -12.6477187]]]}}, {"type": "Feature", "id": "65723725", "properties": {"building": "apartments"}, "geometry": {"type": "Polygon", "coordinates": [[[-38.0764967, -12.6475892], [-38.0764757, -12.6477154], [-38.0767232, -12.6477575], [-38.0767474, -12.6476313], [-38.0764967, -12.6475892]]]}}, {"type": "Feature", "id": "65723734", "properties": {"building": "apartments"}, "geometry": {"type": "Polygon", "coordinates": [[[-38.0767232, -12.6477575], [-38.0768218, -12.6476555], [-38.0770613, -12.6478497], [-38.076961, -12.6479549], [-38.0767232, -12.6477575]]]}}, {"type": "Feature", "id": "65723753", "properties": {"building": "yes"}, "geometry": {"type": "Polygon", "coordinates": [[[-38.0772845, -12.6480535], [-38.0770321, -12.6483188], [-38.0771147, -12.64839], [-38.0773703, -12.648115], [-38.0772845, -12.6480535]]]}}, {"type": "Feature", "id": "65723767", "properties": {"building": "yes", "name": "Guarajuba Residence"}, "geometry": {"type": "Polygon", "coordinates": [[[-38.0785011, -12.6484801], [-38.0782958, -12.6487242], [-38.0782149, -12.6486604], [-38.0784249, -12.6484179], [-38.0785011, -12.6484801]]]}}, {"type": "Feature", "id": "65723786", "properties": {"building": "yes"}, "geometry": {"type": "Polygon", "coordinates": [[[-38.0785135, -12.6482142], [-38.0784233, -12.6481365], [-38.078655, -12.6478581], [-38.0787591, -12.647939], [-38.0785135, -12.6482142]]]}}, {"type": "Feature", "id": "65723809", "properties": {"building": "yes"}, "geometry": {"type": "Polygon", "coordinates": [[[-38.0783466, -12.6502572], [-38.0782477, -12.6501823], [-38.0784975, -12.6498683], [-38.0785963, -12.6499431], [-38.0783466, -12.6502572]]]}}, {"type": "Feature", "id": "65724038", "properties": {"building": "yes"}, "geometry": {"type": "Polygon", "coordinates": [[[-38.0794488, -12.6508691], [-38.0794795, -12.6508954], [-38.0794054, -12.6509777], [-38.0793808, -12.6509566], [-38.0793491, -12.6509918], [-38.0792935, -12.6509657], [-38.0793213, -12.6509348], [-38.0793405, -12.6509513], [-38.0793993, -12.6508859], [-38.0793865, -12.6508749], [-38.079403, -12.6508566], [-38.0794352, -12.6508842], [-38.0794488, -12.6508691]]]}}, {"type": "Feature", "id": "65724070", "properties": {"building": "yes"}, "geometry": {"type": "Polygon", "coordinates": [[[-38.0797952, -12.6509313], [-38.0795762, -12.6511823], [-38.0796736, -12.6512285], [-38.079875, -12.6509977], [-38.0797952, -12.6509313]]]}}, {"type": "Feature", "id": "66362287", "properties": {"building": "apartments"}, "geometry": {"type": "Polygon", "coordinates": [[[-38.07132, -12.6495839], [-38.0708864, -12.6498342], [-38.0706403, -12.6494283], [-38.0707707, -12.649353], [-38.0709454, -12.649641], [-38.0712484, -12.649466], [-38.07132, -12.6495839]]]}}, {"type": "Feature", "id": "66362291", "properties": {"building": "apartments"}, "geometry": {"type": "Polygon", "coordinates": [[[-38.0710584, -12.6491108], [-38.0709854, -12.6489935], [-38.0705624, -12.6492438], [-38.0706354, -12.6493613], [-38.0710584, -12.6491108]]]}}, {"type": "Feature", "id": "66515020", "properties": {"landuse": "recreation_ground"}, "geometry": {"type": "Polygon", "coordinates": [[[-38.0752991, -12.6533904], [-38.0749109, -12.6531119], [-38.0747833, -12.6530256], [-38.0748752, -12.652905], [-38.0748849, -12.6528923], [-38.0749142, -12.6528612], [-38.0749658, -12.6528442], [-38.0750173, -12.652867], [-38.0750581, -12.6528805], [-38.0750888, -12.6528906], [-38.0750957, -12.6528943], [-38.0752277, -12.6529695], [-38.0753548, -12.6530319], [-38.0753742, -12.653045], [-38.0754538, -12.6530988], [-38.0754747, -12.6531515], [-38.0754706, -12.653199], [-38.0753848, -12.6532934], [-38.0752991, -12.6533904]]]}}, {"type": "Feature", "id": "66515035", "properties": {"building": "yes", "name": "Capela da Sagrada Família de Guarajuba"}, "geometry": {"type": "Polygon", "coordinates": [[[-38.0750932, -12.6532317], [-38.0750598, -12.6532745], [-38.0750008, -12.6532306], [-38.0750373, -12.6531839], [-38.0749968, -12.6531538], [-38.0750166, -12.653126], [-38.0750733, -12.6530559], [-38.0751367, -12.6531031], [-38.0752077, -12.6531559], [-38.0751447, -12.6532365], [-38.0751281, -12.6532577], [-38.0750932, -12.6532317]]]}}, {"type": "Feature", "id": "66515038", "properties": {"highway": "footway"}, "geometry": {"type": "LineString", "coordinates": [[-38.0752277, -12.6529695], [-38.0751367, -12.6531031]]}}, {"type": "Feature", "id": "66515040", "properties": {"leisure": "playground"}, "geometry": {"type": "Polygon", "coordinates": [[[-38.0748752, -12.652905], [-38.0747833, -12.6530256], [-38.0749109, -12.6531119], [-38.0749652, -12.6530446], [-38.0748752, -12.652905]]]}}, {"type": "Feature", "id": "66515054", "properties": {"highway": "footway"}, "geometry": {"type": "LineString", "coordinates": [[-38.0753742, -12.653045], [-38.0752735, -12.6531868], [-38.0752072, -12.6531947], [-38.0751447, -12.6532365]]}}, {"type": "Feature", "id": "66515057", "properties": {"highway": "footway"}, "geometry": {"type": "LineString", "coordinates": [[-38.0753848, -12.6532934], [-38.0752735, -12.6531868]]}}, {"type": "Feature", "id": "66515064", "properties": {"leisure": "pitch"}, "geometry": {"type": "Polygon", "coordinates": [[[-38.0723286, -12.6530384], [-38.0722077, -12.6529886], [-38.0720704, -12.653254], [-38.072203, -12.6533203], [-38.0723286, -12.6530384]]]}}, {"type": "Feature", "id": "66515090", "properties": {"building": "yes"}, "geometry": {"type": "Polygon", "coordinates": [[[-38.0726408, -12.6518279], [-38.0725346, -12.6517748], [-38.0725419, -12.6517309], [-38.072606, -12.6516283], [-38.0727232, -12.6516979], [-38.0726408, -12.6518279]]]}}, {"type": "Feature", "id": "66515102", "properties": {"building": "yes"}, "geometry": {"type": "Polygon", "coordinates": [[[-38.072498, -12.6517382], [-38.0724211, -12.6516887], [-38.0725053, -12.6515606], [-38.0725822, -12.6516009], [-38.072498, -12.6517382]]]}}, {"type": "Feature", "id": "66515114", "properties": {"building": "yes"}, "geometry": {"type": "Polygon", "coordinates": [[[-38.0722252, -12.651167], [-38.0721867, -12.6512109], [-38.0720897, -12.6512127], [-38.0720787, -12.6513061], [-38.0721611, -12.6513134], [-38.0721648, -12.6513354], [-38.0722526, -12.6512823], [-38.0723057, -12.65122], [-38.0722252, -12.651167]]]}}, {"type": "Feature", "id": "66515127", "properties": {"building": "yes"}, "geometry": {"type": "Polygon", "coordinates": [[[-38.0721446, -12.6510791], [-38.0720439, -12.6509125], [-38.0719432, -12.6509692], [-38.0720476, -12.6511322], [-38.0721446, -12.6510791]]]}}, {"type": "Feature", "id": "66515140", "properties": {"building": "yes"}, "geometry": {"type": "Polygon", "coordinates": [[[-38.0723973, -12.651654], [-38.0722856, -12.6515734], [-38.0723753, -12.6514562], [-38.0724888, -12.6515185], [-38.0723973, -12.651654]]]}}, {"type": "Feature", "id": "66515152", "properties": {"building": "yes"}, "geometry": {"type": "Polygon", "coordinates": [[[-38.0723094, -12.6515057], [-38.0722069, -12.6514123], [-38.0722673, -12.6513409], [-38.0723771, -12.6514141], [-38.0723094, -12.6515057]]]}}, {"type": "Feature", "id": "66515159", "properties": {"building": "yes"}, "geometry": {"type": "Polygon", "coordinates": [[[-38.072, -12.6508685], [-38.071892, -12.6509363], [-38.071848, -12.6508777], [-38.0718737, -12.6508484], [-38.0718517, -12.6507898], [-38.0719249, -12.650755], [-38.072, -12.6508685]]]}}, {"type": "Feature", "id": "66515172", "properties": {"building": "yes"}, "geometry": {"type": "Polygon", "coordinates": [[[-38.0725456, -12.6514636], [-38.0725932, -12.6513738], [-38.0726701, -12.651416], [-38.0726572, -12.6514379], [-38.0726939, -12.6514544], [-38.0726572, -12.6515313], [-38.0725456, -12.6514636]]]}}, {"type": "Feature", "id": "66515251", "properties": {"highway": "tertiary", "name": "Rua Senhor do Bomfim"}, "geometry": {"type": "LineString", "coordinates": [[-38.0785468, -12.6465171], [-38.0787433, -12.6466325], [-38.0788379, -12.6466869], [-38.0789876, -12.6467546], [-38.0790458, -12.6467756], [-38.0791033, -12.6467913], [-38.0791564, -12.6468035], [-38.0792254, -12.64682], [-38.0793077, -12.6468367], [-38.0793844, -12.6468459], [-38.0794616, -12.6468497], [-38.0795597, -12.6468469], [-38.0796739, -12.6468413], [-38.0798464, -12.6468017], [-38.0801804, -12.6467065]]}}, {"type": "Feature", "id": "66519364", "properties": {"landuse": "residential", "name": "Condomínio Mar Azul"}, "geometry": {"type": "Polygon", "coordinates": [[[-38.0674505, -12.6510598], [-38.0652182, -12.650133], [-38.06517, -12.6498893], [-38.0648158, -12.6494346], [-38.0646536, -12.649398], [-38.0644402, -12.6493921], [-38.063889, -12.6491952], [-38.0638854, -12.6490219], [-38.063893, -12.6487661], [-38.0637825, -12.6473228], [-38.0637809, -12.6469567], [-38.0637971, -12.6466894], [-38.0670206, -12.6468263], [-38.0674798, -12.6471018], [-38.0701739, -12.6487185], [-38.0704779, -12.6494443], [-38.0706123, -12.6498223], [-38.0703285, -12.6499715], [-38.070427, -12.6501855], [-38.0702858, -12.6502755], [-38.0701985, -12.650323], [-38.0701243, -12.6503613], [-38.0699649, -12.6504501], [-38.069809, -12.650541], [-38.0695056, -12.6507168], [-38.0693313, -12.6508232], [-38.0692155, -12.6508819], [-38.0691075, -12.6509509], [-38.0688811, -12.6510939], [-38.0686986, -12.6510487], [-38.0685399, -12.6510369], [-38.0683033, -12.6507312], [-38.0681408, -12.6507542], [-38.0681483, -12.6510024], [-38.067971, -12.6510968], [-38.0678571, -12.6510887], [-38.0677237, -12.6510792], [-38.0674505, -12.6510598]]]}}, {"type": "Feature", "id": "66529843", "properties": {"highway": "footway", "name": "Passarela central"}, "geometry": {"type": "LineString", "coordinates": [[-38.0671533, -12.6481813], [-38.0673538, -12.6485614]]}}, {"type": "Feature", "id": "66529847", "properties": {"highway": "footway", "name": "Passeio dos Namorados"}, "geometry": {"type": "LineString", "coordinates": [[-38.0681258, -12.6487217], [-38.0678043, -12.6487878], [-38.0676206, -12.6487022], [-38.0675381, -12.6487355], [-38.0674714, -12.6487843]]}}, {"type": "Feature", "id": "66529848", "properties": {"highway": "footway", "name": "Passeio dos Namorados"}, "geometry": {"type": "LineString", "coordinates": [[-38.067757, -12.6484831], [-38.0676206, -12.6487022]]}}, {"type": "Feature", "id": "66529855", "properties": {"highway": "footway"}, "geometry": {"type": "LineString", "coordinates": [[-38.0669429, -12.6484832], [-38.0670782, -12.6485462], [-38.067097, -12.6487246], [-38.0672778, -12.6488441]]}}, {"type": "Feature", "id": "66614360", "properties": {"building": "yes"}, "geometry": {"type": "Polygon", "coordinates": [[[-38.0796728, -12.6494991], [-38.0795634, -12.649613], [-38.0794919, -12.6495415], [-38.0795902, -12.6494299], [-38.0796728, -12.6494991]]]}}, {"type": "Feature", "id": "66614367", "properties": {"building": "yes"}, "geometry": {"type": "Polygon", "coordinates": [[[-38.079972, -12.6497476], [-38.0798839, -12.6498542], [-38.0797408, -12.6497416], [-38.0798289, -12.649635], [-38.079972, -12.6497476]]]}}, {"type": "Feature", "id": "66614372", "properties": {"building": "yes"}, "geometry": {"type": "Polygon", "coordinates": [[[-38.0780551, -12.6495409], [-38.0779626, -12.6496484], [-38.0777477, -12.6494663], [-38.0778313, -12.6493559], [-38.0780551, -12.6495409]]]}}, {"type": "Feature", "id": "66614376", "properties": {"building": "yes"}, "geometry": {"type": "Polygon", "coordinates": [[[-38.0767078, -12.6484386], [-38.0765788, -12.6485858], [-38.0764684, -12.6484937], [-38.0765975, -12.6483465], [-38.0767078, -12.6484386]]]}}, {"type": "Feature", "id": "66614387", "properties": {"building": "yes"}, "geometry": {"type": "Polygon", "coordinates": [[[-38.0758569, -12.6480623], [-38.0758086, -12.6480611], [-38.0757714, -12.6480939], [-38.0757256, -12.6480443], [-38.0760282, -12.6477784], [-38.0760961, -12.647852], [-38.0758569, -12.6480623]]]}}, {"type": "Feature", "id": "66614401", "properties": {"building": "yes"}, "geometry": {"type": "Polygon", "coordinates": [[[-38.0801439, -12.6472894], [-38.0800691, -12.6473762], [-38.080042, -12.6474078], [-38.0800337, -12.6474011], [-38.0798955, -12.6472878], [-38.0799975, -12.6471694], [-38.0801439, -12.6472894]]]}}, {"type": "Feature", "id": "66614545", "properties": {"landuse": "retail", "name": "Shopping Vila do Mar"}, "geometry": {"type": "Polygon", "coordinates": [[[-38.0728115, -12.6487948], [-38.0725249, -12.6482338], [-38.0726937, -12.6481069], [-38.0728948, -12.6481143], [-38.0729905, -12.6480823], [-38.0731194, -12.6480393], [-38.0731821, -12.6480184], [-38.0733393, -12.6479536], [-38.073558, -12.6480149], [-38.0736976, -12.6480944], [-38.0730696, -12.6485863], [-38.0728115, -12.6487948]]]}}, {"type": "Feature", "id": "66614558", "properties": {"landuse": "retail"}, "geometry": {"type": "Polygon", "coordinates": [[[-38.0703248, -12.6499853], [-38.0703545, -12.6500297], [-38.0704485, -12.6501974], [-38.0706236, -12.6500967], [-38.0707124, -12.6500296], [-38.0707628, -12.6499915], [-38.0707298, -12.6499328], [-38.0706725, -12.6498308], [-38.0705429, -12.6498663], [-38.0703248, -12.6499853]]]}}, {"type": "Feature", "id": "66764828", "properties": {"building": "yes"}, "geometry": {"type": "Polygon", "coordinates": [[[-38.0792889, -12.6484096], [-38.0791742, -12.6485352], [-38.0790578, -12.6484333], [-38.0791815, -12.648315], [-38.0792889, -12.6484096]]]}}, {"type": "Feature", "id": "66764829", "properties": {"building": "yes"}, "geometry": {"type": "Polygon", "coordinates": [[[-38.0799041, -12.6489411], [-38.0798331, -12.649023], [-38.0797384, -12.6489538], [-38.0798021, -12.6488719], [-38.0799041, -12.6489411]]]}}, {"type": "Feature", "id": "66764830", "properties": {"building": "yes"}, "geometry": {"type": "Polygon", "coordinates": [[[-38.0789358, -12.6490594], [-38.0787684, -12.6492559], [-38.0786974, -12.6491995], [-38.0787866, -12.6491049], [-38.0787229, -12.6490557], [-38.078803, -12.6489611], [-38.0789358, -12.6490594]]]}}, {"type": "Feature", "id": "66764832", "properties": {"building": "yes"}, "geometry": {"type": "Polygon", "coordinates": [[[-38.0783298, -12.6489702], [-38.0782351, -12.6488847], [-38.0781168, -12.6490339], [-38.0782078, -12.6491085], [-38.0783237, -12.6489771], [-38.0783298, -12.6489702]]]}}, {"type": "Feature", "id": "66764835", "properties": {"building": "yes"}, "geometry": {"type": "Polygon", "coordinates": [[[-38.0801762, -12.6499897], [-38.0800824, -12.6500894], [-38.0799983, -12.6500141], [-38.0800921, -12.6499144], [-38.0801762, -12.6499897]]]}}, {"type": "Feature", "id": "66764836", "properties": {"building": "yes"}, "geometry": {"type": "Polygon", "coordinates": [[[-38.0769562, -12.6479782], [-38.0768668, -12.6479027], [-38.076703, -12.6480873], [-38.0767924, -12.6481628], [-38.0769562, -12.6479782]]]}}, {"type": "Feature", "id": "66764837", "properties": {"building": "yes"}, "geometry": {"type": "Polygon", "coordinates": [[[-38.0774858, -12.6482682], [-38.0773952, -12.6481888], [-38.0772899, -12.6482959], [-38.0773804, -12.6483828], [-38.0774858, -12.6482682]]]}}, {"type": "Feature", "id": "66764838", "properties": {"building": "yes"}, "geometry": {"type": "Polygon", "coordinates": [[[-38.0773396, -12.6489432], [-38.0772416, -12.6488572], [-38.0771393, -12.6489682], [-38.0772373, -12.6490542], [-38.0773396, -12.6489432]]]}}, {"type": "Feature", "id": "66764839", "properties": {"building": "yes"}, "geometry": {"type": "Polygon", "coordinates": [[[-38.0776824, -12.6482592], [-38.077578, -12.6481562], [-38.0776448, -12.6480879], [-38.0777534, -12.6481785], [-38.0776824, -12.6482592]]]}}, {"type": "Feature", "id": "66764840", "properties": {"building": "yes"}, "geometry": {"type": "Polygon", "coordinates": [[[-38.0779679, -12.648294], [-38.0778217, -12.6481785], [-38.0779275, -12.6480601], [-38.0780166, -12.6481311], [-38.0779456, -12.6482119], [-38.0779707, -12.6482272], [-38.0780111, -12.6481826], [-38.0780389, -12.6482077], [-38.0779679, -12.648294]]]}}, {"type": "Feature", "id": "76940178", "properties": {"highway": "trunk", "name": "Estrada do Coco"}, "geometry": {"type": "LineString", "coordinates": [[-38.0520081, -12.6103304], [-38.0526455, -12.6113629], [-38.0532449, -12.6123249], [-38.0536339, -12.61294], [-38.053835, -12.6132515], [-38.0545619, -12.6143142], [-38.0549119, -12.6148795], [-38.0550715, -12.6151151], [-38.0552378, -12.6153206], [-38.0553854, -12.6154763], [-38.0556965, -12.6157826], [-38.0560318, -12.6160966], [-38.0562329, -12.6163296], [-38.0564602, -12.6166031], [-38.0565749, -12.6167445], [-38.0567908, -12.6170573], [-38.0569464, -12.6173321], [-38.0570912, -12.6176213], [-38.0572522, -12.6179904], [-38.0574587, -12.6185413], [-38.0576572, -12.6189837], [-38.0579388, -12.619515], [-38.0598687, -12.6224452], [-38.0605499, -12.6234882], [-38.0611521, -12.6244069], [-38.0623457, -12.626205], [-38.0646358, -12.6296787], [-38.065972, -12.6317053], [-38.0660564, -12.6318369], [-38.0665467, -12.6326011], [-38.0670134, -12.6333088], [-38.0678201, -12.634532], [-38.0689003, -12.6361808], [-38.0693911, -12.6369031], [-38.0699216, -12.6376544], [-38.0700691, -12.6378402], [-38.0702864, -12.6380666], [-38.0707169, -12.6384591], [-38.0715376, -12.6390729], [-38.0720446, -12.639506], [-38.072302, -12.6397661], [-38.0725181, -12.640025], [-38.0729632, -12.6406013], [-38.0736069, -12.6415488], [-38.0737571, -12.6417607], [-38.0740213, -12.6420578], [-38.0753419, -12.6433771], [-38.077582, -12.6456093], [-38.0779195, -12.6459271]]}}, {"type": "Feature", "id": "88638785", "properties": {"highway": "residential"}, "geometry": {"type": "LineString", "coordinates": [[-38.073135, -12.6515171], [-38.0735413, -12.6508782]]}}, {"type": "Feature", "id": "93287819", "properties": {"highway": "residential", "name": "Rua Dourado"}, "geometry": {"type": "LineString", "coordinates": [[-38.0696434, -12.6522639], [-38.0696305, -12.6522018], [-38.0696322, -12.6521361], [-38.0696572, -12.6520807], [-38.0697175, -12.652016], [-38.0698919, -12.6519217], [-38.0702183, -12.6517467], [-38.070576, -12.6515255], [-38.0709345, -12.6513382], [-38.0713384, -12.6510803], [-38.0716834, -12.650883]]}}, {"type": "Feature", "id": "100267922", "properties": {"building": "yes"}, "geometry": {"type": "Polygon", "coordinates": [[[-38.0770033, -12.6482268], [-38.077109, -12.6481002], [-38.0769984, -12.648011], [-38.0768927, -12.6481377], [-38.0770033, -12.6482268]]]}}, {"type": "Feature", "id": "100267923", "properties": {"building": "yes"}, "geometry": {"type": "Polygon", "coordinates": [[[-38.0779455, -12.64871], [-38.0778638, -12.6488038], [-38.0777821, -12.6487381], [-38.0778638, -12.6486443], [-38.0779455, -12.64871]]]}}, {"type": "Feature", "id": "100267924", "properties": {"building": "yes"}, "geometry": {"type": "Polygon", "coordinates": [[[-38.0773446, -12.6485036], [-38.0774215, -12.6485739], [-38.0775032, -12.6484848], [-38.0774263, -12.6484144], [-38.0773446, -12.6485036]]]}}, {"type": "Feature", "id": "100267925", "properties": {"building": "yes"}, "geometry": {"type": "Polygon", "coordinates": [[[-38.0767973, -12.6489121], [-38.0769363, -12.649024], [-38.07715, -12.6487711], [-38.0767698, -12.6484651], [-38.0766463, -12.6486112], [-38.0768875, -12.6488054], [-38.0767973, -12.6489121]]]}}, {"type": "Feature", "id": "100267926", "properties": {"building": "yes"}, "geometry": {"type": "Polygon", "coordinates": [[[-38.0784407, -12.6488648], [-38.0785609, -12.6487569], [-38.0786378, -12.6488366], [-38.0785176, -12.6489445], [-38.0784407, -12.6488648]]]}}, {"type": "Feature", "id": "100267927", "properties": {"building": "yes"}, "geometry": {"type": "Polygon", "coordinates": [[[-38.0797798, -12.6487959], [-38.0798724, -12.6486799], [-38.0797577, -12.6485927], [-38.0796651, -12.6487086], [-38.0797798, -12.6487959]]]}}, {"type": "Feature", "id": "100267928", "properties": {"building": "yes"}, "geometry": {"type": "Polygon", "coordinates": [[[-38.0794503, -12.6484801], [-38.079532, -12.6483722], [-38.0794455, -12.6483112], [-38.0793637, -12.6484191], [-38.0794503, -12.6484801]]]}}, {"type": "Feature", "id": "100267929", "properties": {"building": "yes"}, "geometry": {"type": "Polygon", "coordinates": [[[-38.0793157, -12.6483675], [-38.0793878, -12.6482878], [-38.0793301, -12.6482362], [-38.079258, -12.6483159], [-38.0793157, -12.6483675]]]}}, {"type": "Feature", "id": "100267931", "properties": {"building": "yes"}, "geometry": {"type": "Polygon", "coordinates": [[[-38.0792532, -12.6499999], [-38.0793157, -12.6499155], [-38.0792291, -12.6498498], [-38.0791618, -12.6499343], [-38.0792532, -12.6499999]]]}}, {"type": "Feature", "id": "100267949", "properties": {"building": "yes", "name": "TOR -Tático Ostensivo Rodoviário"}, "geometry": {"type": "Polygon", "coordinates": [[[-38.0771432, -12.6462641], [-38.0773307, -12.6460973], [-38.0772223, -12.6459813], [-38.0770348, -12.6461481], [-38.0770692, -12.6461901], [-38.0770482, -12.6462123], [-38.0770913, -12.6462514], [-38.0771128, -12.6462297], [-38.0771432, -12.6462641]]]}}, {"type": "Feature", "id": "100267950", "properties": {"building": "house"}, "geometry": {"type": "Polygon", "coordinates": [[[-38.0768267, -12.6463501], [-38.0769093, -12.6464294], [-38.0770484, -12.6462891], [-38.0769785, -12.6462234], [-38.0769326, -12.6462717], [-38.0769194, -12.6462587], [-38.0768267, -12.6463501]]]}}, {"type": "Feature", "id": "100267951", "properties": {"building": "detached"}, "geometry": {"type": "Polygon", "coordinates": [[[-38.075537, -12.6450792], [-38.0757004, -12.6449432], [-38.0756283, -12.6448588], [-38.0754649, -12.6449948], [-38.075537, -12.6450792]]]}}, {"type": "Feature", "id": "100267953", "properties": {"building": "detached"}, "geometry": {"type": "Polygon", "coordinates": [[[-38.0756165, -12.6460491], [-38.0756561, -12.6460496], [-38.0756573, -12.6459603], [-38.0757762, -12.6459618], [-38.0757779, -12.6458383], [-38.0756954, -12.6458372], [-38.0756959, -12.6457971], [-38.07562, -12.6457961], [-38.0756165, -12.6460491]]]}}, {"type": "Feature", "id": "100267954", "properties": {"building": "detached"}, "geometry": {"type": "Polygon", "coordinates": [[[-38.0756142, -12.6457841], [-38.0757343, -12.6457853], [-38.075736, -12.6456255], [-38.0756159, -12.6456242], [-38.0756142, -12.6457841]]]}}, {"type": "Feature", "id": "100267955", "properties": {"building": "house"}, "geometry": {"type": "Polygon", "coordinates": [[[-38.0754221, -12.6459926], [-38.0754825, -12.6459919], [-38.0754805, -12.6458376], [-38.0753557, -12.6458392], [-38.075357, -12.6459395], [-38.0753944, -12.6459391], [-38.0753949, -12.6459779], [-38.0754221, -12.6459926]]]}}, {"type": "Feature", "id": "100267956", "properties": {"building": "house"}, "geometry": {"type": "Polygon", "coordinates": [[[-38.0750759, -12.6460122], [-38.0751958, -12.6460129], [-38.0751973, -12.645802], [-38.0751242, -12.6458016], [-38.075124, -12.6458435], [-38.075077, -12.6458432], [-38.0750759, -12.6460122]]]}}, {"type": "Feature", "id": "100267957", "properties": {"building": "detached"}, "geometry": {"type": "Polygon", "coordinates": [[[-38.074837, -12.6460379], [-38.074938, -12.6460379], [-38.074938, -12.6458596], [-38.074837, -12.6458596], [-38.074837, -12.6460379]]]}}, {"type": "Feature", "id": "100267958", "properties": {"building": "house"}, "geometry": {"type": "Polygon", "coordinates": [[[-38.0746739, -12.6460197], [-38.0747992, -12.6460218], [-38.0748021, -12.6458566], [-38.0746767, -12.6458545], [-38.0746739, -12.6460197]]]}}, {"type": "Feature", "id": "100267959", "properties": {"building": "detached"}, "geometry": {"type": "Polygon", "coordinates": [[[-38.0738249, -12.6453357], [-38.073934, -12.6453394], [-38.0739394, -12.6451874], [-38.0738593, -12.6451847], [-38.0738289, -12.6452208], [-38.0738249, -12.6453357]]]}}, {"type": "Feature", "id": "100267960", "properties": {"building": "detached"}, "geometry": {"type": "Polygon", "coordinates": [[[-38.0745177, -12.6450792], [-38.0744067, -12.6450797], [-38.0744064, -12.6450151], [-38.074386, -12.6450152], [-38.0743854, -12.6449015], [-38.0744792, -12.6449011], [-38.0745168, -12.6448743], [-38.0745177, -12.6450792]]]}}, {"type": "Feature", "id": "100267961", "properties": {"building": "detached"}, "geometry": {"type": "Polygon", "coordinates": [[[-38.0745523, -12.6449349], [-38.0745903, -12.6449349], [-38.0745903, -12.6449002], [-38.0746336, -12.6449003], [-38.0746336, -12.6449319], [-38.0746447, -12.6449319], [-38.0746446, -12.6450622], [-38.0745354, -12.6450621], [-38.0745355, -12.6449808], [-38.0745523, -12.6449808], [-38.0745523, -12.6449349]]]}}, {"type": "Feature", "id": "100267962", "properties": {"building": "detached"}, "geometry": {"type": "Polygon", "coordinates": [[[-38.0747918, -12.6450136], [-38.0749456, -12.6450136], [-38.0749456, -12.6450886], [-38.0747918, -12.6450886], [-38.0747918, -12.6450136]]]}}, {"type": "Feature", "id": "100267965", "properties": {"building": "detached"}, "geometry": {"type": "Polygon", "coordinates": [[[-38.0732166, -12.6451241], [-38.0733418, -12.6452493], [-38.0734109, -12.6451837], [-38.0732857, -12.6450583], [-38.0732166, -12.6451241]]]}}, {"type": "Feature", "id": "100267966", "properties": {"leisure": "pitch"}, "geometry": {"type": "Polygon", "coordinates": [[[-38.072731, -12.6451941], [-38.0725161, -12.6454118], [-38.0726256, -12.6455107], [-38.0728378, -12.6452953], [-38.072731, -12.6451941]]]}}, {"type": "Feature", "id": "100267967", "properties": {"leisure": "pitch"}, "geometry": {"type": "Polygon", "coordinates": [[[-38.0728387, -12.6452243], [-38.0730445, -12.6450239], [-38.0731445, -12.6451216], [-38.0729387, -12.645322], [-38.0728387, -12.6452243]]]}}, {"type": "Feature", "id": "100267973", "properties": {"building": "yes", "leisure": "fitness_centre"}, "geometry": {"type": "Polygon", "coordinates": [[[-38.0720905, -12.6451173], [-38.0721796, -12.6450371], [-38.0720969, -12.6449496], [-38.0720078, -12.6450298], [-38.0720905, -12.6451173]]]}}, {"type": "Feature", "id": "100267974", "properties": {"leisure": "pitch"}, "geometry": {"type": "Polygon", "coordinates": [[[-38.0722697, -12.6453082], [-38.0724293, -12.6454645], [-38.072531, -12.6453658], [-38.0723713, -12.6452094], [-38.0722697, -12.6453082]]]}}, {"type": "Feature", "id": "100267975", "properties": {"building": "detached"}, "geometry": {"type": "Polygon", "coordinates": [[[-38.0750933, -12.6463689], [-38.0751089, -12.6463149], [-38.0751504, -12.6463264], [-38.0751748, -12.646242], [-38.0751041, -12.6462226], [-38.0750959, -12.6462509], [-38.0750312, -12.6462331], [-38.0749994, -12.646343], [-38.0750933, -12.6463689]]]}}, {"type": "Feature", "id": "100267976", "properties": {"building": "house"}, "geometry": {"type": "Polygon", "coordinates": [[[-38.0754845, -12.6471837], [-38.0755903, -12.6471837], [-38.0755903, -12.6470148], [-38.0754845, -12.6470148], [-38.0754845, -12.6471837]]]}}, {"type": "Feature", "id": "100267977", "properties": {"building": "house"}, "geometry": {"type": "Polygon", "coordinates": [[[-38.0753191, -12.6471856], [-38.075455, -12.6471853], [-38.0754546, -12.6469384], [-38.0753888, -12.6469385], [-38.075389, -12.6470311], [-38.0753188, -12.6470312], [-38.0753191, -12.6471856]]]}}, {"type": "Feature", "id": "100267979", "properties": {"building": "house"}, "geometry": {"type": "Polygon", "coordinates": [[[-38.0765107, -12.6470931], [-38.0766152, -12.6470932], [-38.0766154, -12.6469656], [-38.0765108, -12.6469655], [-38.0765107, -12.6470931]]]}}, {"type": "Feature", "id": "100267980", "properties": {"building": "house"}, "geometry": {"type": "Polygon", "coordinates": [[[-38.0763608, -12.6471179], [-38.0764816, -12.6471183], [-38.0764821, -12.646986], [-38.0763393, -12.6469855], [-38.0763391, -12.6470598], [-38.076361, -12.6470599], [-38.0763608, -12.6471179]]]}}, {"type": "Feature", "id": "100267982", "properties": {"building": "detached"}, "geometry": {"type": "Polygon", "coordinates": [[[-38.0759928, -12.6465553], [-38.0760705, -12.6465565], [-38.0760678, -12.6467349], [-38.075987, -12.6467337], [-38.0759513, -12.6467072], [-38.0759531, -12.6465926], [-38.0759922, -12.6465932], [-38.0759928, -12.6465553]]]}}, {"type": "Feature", "id": "100267984", "properties": {"building": "detached"}, "geometry": {"type": "Polygon", "coordinates": [[[-38.0764253, -12.6465104], [-38.0764889, -12.6465101], [-38.0764888, -12.6464966], [-38.0766303, -12.6464957], [-38.0766305, -12.6465331], [-38.076594, -12.6465333], [-38.0765943, -12.6465816], [-38.0764993, -12.6465823], [-38.0765, -12.6466713], [-38.0764345, -12.6466718], [-38.0764074, -12.6467092], [-38.0763616, -12.6467094], [-38.0763607, -12.6465344], [-38.0764255, -12.646534], [-38.0764253, -12.6465104]]]}}, {"type": "Feature", "id": "100267986", "properties": {"building": "detached"}, "geometry": {"type": "Polygon", "coordinates": [[[-38.0746675, -12.6455883], [-38.0747113, -12.6455892], [-38.0747115, -12.6455786], [-38.0747611, -12.6455795], [-38.0747608, -12.6455958], [-38.0747875, -12.6455963], [-38.0747837, -12.6457863], [-38.074681, -12.6457843], [-38.0746815, -12.6457592], [-38.074664, -12.6457589], [-38.0746675, -12.6455883]]]}}, {"type": "Feature", "id": "100267988", "properties": {"building": "detached"}, "geometry": {"type": "Polygon", "coordinates": [[[-38.0742655, -12.6459719], [-38.0742685, -12.6458007], [-38.0743457, -12.645802], [-38.0743449, -12.6458458], [-38.0743677, -12.6458462], [-38.0743655, -12.6459736], [-38.0742655, -12.6459719]]]}}, {"type": "Feature", "id": "100267989", "properties": {"building": "detached"}, "geometry": {"type": "Polygon", "coordinates": [[[-38.0737846, -12.6456296], [-38.073735, -12.6455778], [-38.0737707, -12.6455452], [-38.0737214, -12.6454937], [-38.0736038, -12.6456008], [-38.0736652, -12.645665], [-38.0736911, -12.6456414], [-38.0737286, -12.6456806], [-38.0737846, -12.6456296]]]}}, {"type": "Feature", "id": "100268020", "properties": {"building": "yes"}, "geometry": {"type": "Polygon", "coordinates": [[[-38.0711522, -12.6513907], [-38.0712946, -12.6513088], [-38.0712325, -12.6512054], [-38.0710901, -12.6512838], [-38.0711522, -12.6513907]]]}}, {"type": "Feature", "id": "100268021", "properties": {"building": "detached"}, "geometry": {"type": "Polygon", "coordinates": [[[-38.0708163, -12.6516436], [-38.0708929, -12.6515724], [-38.0708272, -12.6515047], [-38.0707506, -12.6515759], [-38.0708163, -12.6516436]]]}}, {"type": "Feature", "id": "100268022", "properties": {"building": "yes"}, "geometry": {"type": "Polygon", "coordinates": [[[-38.0715574, -12.6512909], [-38.0716414, -12.6512339], [-38.0715574, -12.6511164], [-38.0714735, -12.6511734], [-38.0715574, -12.6512909]]]}}, {"type": "Feature", "id": "100268023", "properties": {"building": "yes"}, "geometry": {"type": "Polygon", "coordinates": [[[-38.0714333, -12.6512054], [-38.0715063, -12.6513016], [-38.0714443, -12.6513479], [-38.0713712, -12.6512518], [-38.0714333, -12.6512054]]]}}, {"type": "Feature", "id": "100268024", "properties": {"building": "yes"}, "geometry": {"type": "Polygon", "coordinates": [[[-38.0713274, -12.6515118], [-38.0714187, -12.651437], [-38.0713566, -12.6513658], [-38.0712654, -12.6514406], [-38.0713274, -12.6515118]]]}}, {"type": "Feature", "id": "100268025", "properties": {"building": "yes"}, "geometry": {"type": "Polygon", "coordinates": [[[-38.0719664, -12.6517469], [-38.0720722, -12.6516686], [-38.0719992, -12.6515759], [-38.0718933, -12.6516543], [-38.0719664, -12.6517469]]]}}, {"type": "Feature", "id": "100268026", "properties": {"building": "yes"}, "geometry": {"type": "Polygon", "coordinates": [[[-38.0717875, -12.6517434], [-38.0718605, -12.6518217], [-38.0717582, -12.6519108], [-38.0716852, -12.6518324], [-38.0717875, -12.6517434]]]}}, {"type": "Feature", "id": "100268027", "properties": {"building": "yes"}, "geometry": {"type": "Polygon", "coordinates": [[[-38.0718459, -12.6516365], [-38.0719737, -12.6515403], [-38.0719006, -12.6514513], [-38.0717765, -12.6515474], [-38.0718459, -12.6516365]]]}}, {"type": "Feature", "id": "100268028", "properties": {"building": "yes"}, "geometry": {"type": "Polygon", "coordinates": [[[-38.0718203, -12.6513373], [-38.0718824, -12.6514121], [-38.0717327, -12.6515332], [-38.0716706, -12.6514584], [-38.0718203, -12.6513373]]]}}, {"type": "Feature", "id": "100268029", "properties": {"building": "yes"}, "geometry": {"type": "Polygon", "coordinates": [[[-38.0717692, -12.6512304], [-38.071813, -12.6512909], [-38.0716451, -12.6514085], [-38.0715976, -12.6513479], [-38.0717692, -12.6512304]]]}}, {"type": "Feature", "id": "100268030", "properties": {"building": "yes"}, "geometry": {"type": "Polygon", "coordinates": [[[-38.071583, -12.6516329], [-38.071667, -12.6515688], [-38.0716086, -12.6514976], [-38.0715246, -12.6515617], [-38.071583, -12.6516329]]]}}, {"type": "Feature", "id": "100268031", "properties": {"building": "yes"}, "geometry": {"type": "Polygon", "coordinates": [[[-38.0716305, -12.6516579], [-38.0716998, -12.6517327], [-38.0716122, -12.6518111], [-38.0715428, -12.6517362], [-38.0716305, -12.6516579]]]}}, {"type": "Feature", "id": "100268032", "properties": {"building": "detached"}, "geometry": {"type": "Polygon", "coordinates": [[[-38.070966, -12.6520212], [-38.0710901, -12.6519286], [-38.0710171, -12.651836], [-38.0708929, -12.6519251], [-38.070966, -12.6520212]]]}}, {"type": "Feature", "id": "100268033", "properties": {"building": "detached"}, "geometry": {"type": "Polygon", "coordinates": [[[-38.0713676, -12.6523098], [-38.0714662, -12.6522243], [-38.0713968, -12.6521495], [-38.0712982, -12.652235], [-38.0713676, -12.6523098]]]}}, {"type": "Feature", "id": "100268034", "properties": {"building": "detached"}, "geometry": {"type": "Polygon", "coordinates": [[[-38.0712471, -12.652039], [-38.0713201, -12.6521281], [-38.0712398, -12.6521922], [-38.0711668, -12.6521032], [-38.0712471, -12.652039]]]}}, {"type": "Feature", "id": "100268035", "properties": {"building": "detached"}, "geometry": {"type": "Polygon", "coordinates": [[[-38.0711011, -12.6521103], [-38.0711996, -12.6520355], [-38.071123, -12.6519357], [-38.0710244, -12.6520105], [-38.0711011, -12.6521103]]]}}, {"type": "Feature", "id": "100268036", "properties": {"building": "detached"}, "geometry": {"type": "Polygon", "coordinates": [[[-38.0716925, -12.6521032], [-38.0717911, -12.652178], [-38.0717071, -12.6522777], [-38.0716122, -12.6522029], [-38.0716925, -12.6521032]]]}}, {"type": "Feature", "id": "100268037", "properties": {"building": "detached"}, "geometry": {"type": "Polygon", "coordinates": [[[-38.0711485, -12.6518431], [-38.07128, -12.6517434], [-38.0712215, -12.6516721], [-38.0710901, -12.6517719], [-38.0711485, -12.6518431]]]}}, {"type": "Feature", "id": "100268038", "properties": {"building": "house"}, "geometry": {"type": "Polygon", "coordinates": [[[-38.070661, -12.6508661], [-38.0707279, -12.6509737], [-38.0705114, -12.6511019], [-38.0704444, -12.6509942], [-38.070661, -12.6508661]]]}}, {"type": "Feature", "id": "100268039", "properties": {"building": "house"}, "geometry": {"type": "Polygon", "coordinates": [[[-38.0707706, -12.6507532], [-38.0708679, -12.6506952], [-38.070863, -12.6506873], [-38.0708757, -12.6506798], [-38.0708866, -12.6506972], [-38.0708794, -12.6507015], [-38.0709605, -12.6508311], [-38.0708579, -12.6508923], [-38.0707706, -12.6507532]]]}}, {"type": "Feature", "id": "100268040", "properties": {"building": "house"}, "geometry": {"type": "Polygon", "coordinates": [[[-38.0713303, -12.6507352], [-38.0714421, -12.6506459], [-38.0714237, -12.6506189], [-38.0714297, -12.6506098], [-38.0713766, -12.6505642], [-38.0713282, -12.65061], [-38.0712945, -12.6505824], [-38.0712424, -12.6506254], [-38.0712378, -12.6506183], [-38.0711954, -12.6506545], [-38.0712889, -12.6507965], [-38.0713425, -12.6507541], [-38.0713303, -12.6507352]]]}}, {"type": "Feature", "id": "100268041", "properties": {"building": "house"}, "geometry": {"type": "Polygon", "coordinates": [[[-38.0714844, -12.6507031], [-38.0715501, -12.6508136], [-38.071415, -12.6508884], [-38.0713493, -12.650778], [-38.0714844, -12.6507031]]]}}, {"type": "Feature", "id": "100268042", "properties": {"building": "yes"}, "geometry": {"type": "Polygon", "coordinates": [[[-38.0710091, -12.6508757], [-38.0710523, -12.6509313], [-38.0710395, -12.6509418], [-38.0710529, -12.6509764], [-38.0710636, -12.6509699], [-38.0710999, -12.6510492], [-38.0709829, -12.6511127], [-38.0709598, -12.6510593], [-38.0709471, -12.6510662], [-38.0708889, -12.6509559], [-38.0710091, -12.6508757]]]}}, {"type": "Feature", "id": "100268043", "properties": {"building": "yes"}, "geometry": {"type": "Polygon", "coordinates": [[[-38.0711497, -12.6505913], [-38.0712085, -12.6506909], [-38.0711024, -12.6507506], [-38.0710989, -12.6507446], [-38.0710936, -12.6507475], [-38.0710259, -12.650633], [-38.0711182, -12.650581], [-38.0711306, -12.650602], [-38.0711497, -12.6505913]]]}}, {"type": "Feature", "id": "100268044", "properties": {"building": "yes"}, "geometry": {"type": "Polygon", "coordinates": [[[-38.0703161, -12.6522136], [-38.070411, -12.6519571], [-38.0703088, -12.6519215], [-38.0702139, -12.652178], [-38.0703161, -12.6522136]]]}}, {"type": "Feature", "id": "100268045", "properties": {"building": "yes"}, "geometry": {"type": "Polygon", "coordinates": [[[-38.0701262, -12.6524772], [-38.0702686, -12.6525235], [-38.0703197, -12.6523739], [-38.070181, -12.6523276], [-38.0701262, -12.6524772]]]}}, {"type": "Feature", "id": "100268046", "properties": {"building": "yes"}, "geometry": {"type": "Polygon", "coordinates": [[[-38.0709112, -12.6524594], [-38.0709769, -12.6522813], [-38.0708637, -12.6522421], [-38.070798, -12.6524202], [-38.0709112, -12.6524594]]]}}, {"type": "Feature", "id": "107205052", "properties": {"landuse": "retail"}, "geometry": {"type": "Polygon", "coordinates": [[[-38.0804533, -12.6474871], [-38.0799798, -12.6471103], [-38.07976, -12.6473567], [-38.0802272, -12.6477628], [-38.0804533, -12.6474871]]]}}, {"type": "Feature", "id": "107205053", "properties": {"highway": "service"}, "geometry": {"type": "LineString", "coordinates": [[-38.0798602, -12.6470119], [-38.0797606, -12.647103], [-38.0797163, -12.6471547], [-38.0796915, -12.6472116], [-38.0796942, -12.6472594], [-38.0797103, -12.6472973], [-38.0797505, -12.6473183], [-38.0797867, -12.6473117], [-38.0798196, -12.6472882], [-38.0798699, -12.6472064], [-38.0798859, -12.6471716], [-38.0798971, -12.6471437], [-38.0799147, -12.6470971]]}}, {"type": "Feature", "id": "107205054", "properties": {"highway": "residential", "name": "Rua dos Navegantes"}, "geometry": {"type": "LineString", "coordinates": [[-38.0848648, -12.6511033], [-38.0833916, -12.6498752], [-38.081899, -12.6486465], [-38.0806214, -12.6476297], [-38.0799147, -12.6470971]]}}, {"type": "Feature", "id": "317244412", "properties": {"highway": "footway"}, "geometry": {"type": "LineString", "coordinates": [[-38.0731505, -12.6547671], [-38.0731342, -12.654805], [-38.0730558, -12.6549871], [-38.0730168, -12.6550423]]}}, {"type": "Feature", "id": "317244413", "properties": {"highway": "footway", "name": "Rua B"}, "geometry": {"type": "LineString", "coordinates": [[-38.0725929, -12.6543794], [-38.0724366, -12.6544645], [-38.0722458, -12.6545846], [-38.0722148, -12.6546211], [-38.0721177, -12.65476]]}}, {"type": "Feature", "id": "317248649", "properties": {"highway": "tertiary", "name": "Alameda Humaitá"}, "geometry": {"type": "LineString", "coordinates": [[-38.0777535, -12.6473832], [-38.077923, -12.6473096], [-38.0779624, -12.6472972], [-38.0780882, -12.6472578], [-38.0781491, -12.6472451], [-38.0782209, -12.6472313], [-38.0782789, -12.647223], [-38.0783343, -12.6472154], [-38.0784729, -12.6471883], [-38.0785028, -12.6471768], [-38.0785251, -12.6471498], [-38.07853, -12.6471047], [-38.0785309, -12.6470596], [-38.0785223, -12.6470049]]}}, {"type": "Feature", "id": "317256593", "properties": {"highway": "tertiary", "name": "Rua Senhor do Bomfim"}, "geometry": {"type": "LineString", "coordinates": [[-38.0798786, -12.6468675], [-38.0797655, -12.6469068], [-38.0797103, -12.6469278], [-38.0796412, -12.6469525], [-38.0795353, -12.6470075], [-38.0794776, -12.6470566], [-38.0794461, -12.6471253], [-38.0794428, -12.6472116], [-38.0794884, -12.6473223]]}}, {"type": "Feature", "id": "317266355", "properties": {"highway": "tertiary", "name": "Alameda Monte das Dunas"}, "geometry": {"type": "LineString", "coordinates": [[-38.0777632, -12.6462612], [-38.0775693, -12.6460591], [-38.0775561, -12.6460453], [-38.0773025, -12.6457799], [-38.0769899, -12.6454661], [-38.0769233, -12.6453992], [-38.076825, -12.645299], [-38.0766802, -12.6451539], [-38.0765361, -12.6449995], [-38.0764984, -12.6449644], [-38.0764505, -12.6449226], [-38.0763762, -12.6448556], [-38.0762953, -12.6447817], [-38.0761981, -12.6446901], [-38.0761584, -12.6446541], [-38.0761327, -12.6446367], [-38.0761199, -12.6446321], [-38.0761074, -12.6446276], [-38.0760752, -12.6446187], [-38.0760159, -12.6446017], [-38.0759634, -12.6445853]]}}, {"type": "Feature", "id": "318752463", "properties": {"leisure": "pitch"}, "geometry": {"type": "Polygon", "coordinates": [[[-38.0762658, -12.6530296], [-38.0761162, -12.6529785], [-38.0760043, -12.6532902], [-38.0761539, -12.6533413], [-38.0762658, -12.6530296]]]}}, {"type": "Feature", "id": "318752465", "properties": {"leisure": "pitch"}, "geometry": {"type": "Polygon", "coordinates": [[[-38.0763982, -12.6531997], [-38.0762371, -12.6531485], [-38.0761365, -12.6534502], [-38.0762974, -12.6535013], [-38.0763982, -12.6531997]]]}}, {"type": "Feature", "id": "507330634", "properties": {"landuse": "residential"}, "geometry": {"type": "Polygon", "coordinates": [[[-38.0759804, -12.64772], [-38.0756419, -12.6474638], [-38.0754201, -12.6475119], [-38.0751963, -12.6475887], [-38.0756154, -12.648045], [-38.0759804, -12.64772]]]}}, {"type": "Feature", "id": "532064657", "properties": {"highway": "service"}, "geometry": {"type": "LineString", "coordinates": [[-38.0647297, -12.649585], [-38.0647523, -12.6495848], [-38.0647747, -12.6495878], [-38.0647964, -12.6495939], [-38.0648171, -12.6496029], [-38.064835, -12.6496157], [-38.0650919, -12.6499091]]}}, {"type": "Feature", "id": "687690317", "properties": {"building": "yes"}, "geometry": {"type": "Polygon", "coordinates": [[[-38.0650513, -12.6501164], [-38.0648063, -12.6501077], [-38.0648063, -12.6502675], [-38.0650439, -12.6502719], [-38.0650513, -12.6501164]]]}}, {"type": "Feature", "id": "746819285", "properties": {"highway": "residential", "name": "Rua Praia de Itapoã"}, "geometry": {"type": "LineString", "coordinates": [[-38.0688561, -12.6502089], [-38.0689044, -12.6502572], [-38.0689667, -12.6503057], [-38.0690113, -12.6503283], [-38.0690847, -12.6503541], [-38.0691397, -12.6503604], [-38.0691746, -12.6503584], [-38.0692168, -12.6503407], [-38.0692765, -12.6503005], [-38.069711, -12.6499341], [-38.0697998, -12.6498508], [-38.0702655, -12.6494144], [-38.0703739, -12.6493128]]}}, {"type": "Feature", "id": "746819286", "properties": {"highway": "residential", "name": "Rua Praia de Itapoã"}, "geometry": {"type": "LineString", "coordinates": [[-38.0655617, -12.6467909], [-38.0653565, -12.6476703], [-38.0651727, -12.6485457], [-38.0650967, -12.6488866], [-38.0650837, -12.6489499], [-38.0650857, -12.649], [-38.0651131, -12.6490748]]}}, {"type": "Feature", "id": "746830398", "properties": {"highway": "residential", "name": "Rua Piragia"}, "geometry": {"type": "LineString", "coordinates": [[-38.071966, -12.6505609], [-38.0716396, -12.6508036]]}}, {"type": "Feature", "id": "746830399", "properties": {"highway": "residential", "name": "Rua Piragia"}, "geometry": {"type": "LineString", "coordinates": [[-38.0743472, -12.6525669], [-38.0745008, -12.6522581], [-38.0745189, -12.6522136], [-38.0745263, -12.6521848]]}}, {"type": "Feature", "id": "746830400", "properties": {"highway": "residential", "name": "Rua Pescada"}, "geometry": {"type": "LineString", "coordinates": [[-38.0786688, -12.6570378], [-38.0788104, -12.6568222], [-38.0788292, -12.6567915], [-38.0788419, -12.6567568], [-38.0788466, -12.656728], [-38.0788434, -12.6566914], [-38.0788317, -12.6566662], [-38.0788165, -12.6566524], [-38.0787987, -12.6566428], [-38.0786357, -12.6565667], [-38.0785955, -12.6565432], [-38.078557, -12.6565121], [-38.0777569, -12.6556692], [-38.0776839, -12.6555922], [-38.0771153, -12.6549458], [-38.0770133, -12.6547914], [-38.0769718, -12.654717], [-38.0769329, -12.6546409]]}}, {"type": "Feature", "id": "746830401", "properties": {"highway": "residential", "name": "Rua Pescada"}, "geometry": {"type": "LineString", "coordinates": [[-38.0769329, -12.6546409], [-38.0769119, -12.6546162], [-38.0768893, -12.6545994], [-38.0768593, -12.6545904], [-38.0768182, -12.6545931], [-38.0765587, -12.654743]]}}, {"type": "Feature", "id": "746830403", "properties": {"highway": "residential", "name": "Rua Saramonete"}, "geometry": {"type": "LineString", "coordinates": [[-38.0738483, -12.6545905], [-38.0738125, -12.6545735], [-38.0737786, -12.6545431], [-38.0737578, -12.6544901], [-38.0737545, -12.6544394], [-38.0737478, -12.6543478], [-38.0737638, -12.6542614], [-38.0738276, -12.6541239], [-38.0748696, -12.65272]]}}, {"type": "Feature", "id": "746830404", "properties": {"highway": "footway", "name": "Passarela Atlântica Esmeralda"}, "geometry": {"type": "LineString", "coordinates": [[-38.0709439, -12.6539705], [-38.0709969, -12.6539956], [-38.0712873, -12.6541333], [-38.0714425, -12.6542069], [-38.0720501, -12.654495], [-38.0721837, -12.6545562], [-38.0722458, -12.6545846], [-38.0723217, -12.6546185], [-38.0729751, -12.654944], [-38.0730558, -12.6549871]]}}, {"type": "Feature", "id": "746830405", "properties": {"highway": "footway", "name": "Passarela Atlântica Esmeralda"}, "geometry": {"type": "LineString", "coordinates": [[-38.0712761, -12.6529922], [-38.0712478, -12.6530704], [-38.0709439, -12.6539705]]}}, {"type": "Feature", "id": "746830406", "properties": {"highway": "residential", "name": "Rua Dourado"}, "geometry": {"type": "LineString", "coordinates": [[-38.0725837, -12.653776], [-38.0725354, -12.6537001], [-38.0725106, -12.6536556], [-38.0724878, -12.6536163], [-38.072469, -12.653582], [-38.0724549, -12.6535653], [-38.0724271, -12.6535476], [-38.0719641, -12.6533101], [-38.0712761, -12.6529922]]}}, {"type": "Feature", "id": "746830407", "properties": {"highway": "residential", "name": "Avenida Guaricema"}, "geometry": {"type": "LineString", "coordinates": [[-38.0722405, -12.6518266], [-38.0728358, -12.6520644], [-38.0733454, -12.6522489], [-38.07413, -12.6525001], [-38.0743472, -12.6525669], [-38.0748696, -12.65272], [-38.0751029, -12.6528096], [-38.075273, -12.6528888], [-38.0752942, -12.6528996], [-38.0754137, -12.6529617], [-38.0755333, -12.6530492], [-38.0755944, -12.6530939], [-38.0756763, -12.6531731], [-38.0757594, -12.6532683], [-38.0758416, -12.6533739], [-38.0759197, -12.6535025], [-38.0761482, -12.653947], [-38.0765587, -12.654743], [-38.0771581, -12.6559602], [-38.0772004, -12.6560433]]}}, {"type": "Feature", "id": "746830408", "properties": {"highway": "residential", "name": "Avenida Guaricema"}, "geometry": {"type": "LineString", "coordinates": [[-38.0714883, -12.6505442], [-38.0716396, -12.6508036], [-38.0716834, -12.650883], [-38.0722405, -12.6518266]]}}, {"type": "Feature", "id": "746830409", "properties": {"highway": "residential", "name": "Rua Dourado"}, "geometry": {"type": "LineString", "coordinates": [[-38.0712761, -12.6529922], [-38.0701415, -12.6526323], [-38.0698693, -12.6525237], [-38.0697888, -12.6524822], [-38.0697459, -12.6524521], [-38.0697241, -12.6524262], [-38.0697026, -12.6523935], [-38.0696735, -12.6523418], [-38.0696434, -12.6522639]]}}, {"type": "Feature", "id": "747182620", "properties": {"highway": "residential"}, "geometry": {"type": "LineString", "coordinates": [[-38.0812721, -12.6494276], [-38.0806308, -12.6501612], [-38.0799585, -12.650947]]}}, {"type": "Feature", "id": "747182622", "properties": {"highway": "residential", "name": "Rua A"}, "geometry": {"type": "LineString", "coordinates": [[-38.0791403, -12.6489252], [-38.0797921, -12.649463], [-38.0806308, -12.6501612], [-38.0820952, -12.6513889], [-38.0821114, -12.6514024], [-38.0835704, -12.6526219], [-38.0850278, -12.6538506], [-38.0850371, -12.6538756]]}}, {"type": "Feature", "id": "775034697", "properties": {"highway": "tertiary_link"}, "geometry": {"type": "LineString", "coordinates": [[-38.0699892, -12.6509959], [-38.0698643, -12.6510099], [-38.0698125, -12.6509942], [-38.0697717, -12.6509668], [-38.0697386, -12.6509308], [-38.069727, -12.6509125], [-38.0697089, -12.6508788], [-38.069698, -12.6508364], [-38.0696943, -12.6507935], [-38.0696993, -12.6507343], [-38.0697207, -12.6506798], [-38.0697673, -12.6506273]]}}, {"type": "Feature", "id": "775034698", "properties": {"highway": "tertiary", "name": "Alameda Humaitá"}, "geometry": {"type": "LineString", "coordinates": [[-38.0757555, -12.6474078], [-38.0756485, -12.6474099], [-38.0755552, -12.6474239], [-38.0754669, -12.6474475], [-38.0753604, -12.6474854], [-38.0751979, -12.6475407], [-38.0748184, -12.6476833], [-38.0743586, -12.6478449], [-38.0741169, -12.6479682], [-38.0740525, -12.6480043], [-38.0739865, -12.6480535], [-38.0739052, -12.6481102], [-38.0738028, -12.6482], [-38.0730369, -12.6489434], [-38.0729094, -12.6490773], [-38.0728861, -12.6490999], [-38.0728638, -12.6491214], [-38.072801, -12.6491708], [-38.0727011, -12.6492404], [-38.0725545, -12.6493318], [-38.0724307, -12.6494035], [-38.0721302, -12.6495607], [-38.072049, -12.649615], [-38.0719811, -12.64968]]}}, {"type": "Feature", "id": "776255301", "properties": {"highway": "residential", "name": "Rua Principal do Lago"}, "geometry": {"type": "LineString", "coordinates": [[-38.0713566, -12.6435731], [-38.0714196, -12.6436477], [-38.0714309, -12.6436728], [-38.0714491, -12.6437132], [-38.0714612, -12.6437799], [-38.0714799, -12.644145], [-38.071496, -12.6442287], [-38.0715363, -12.6443086], [-38.0715899, -12.644374], [-38.0720331, -12.6448109], [-38.0722262, -12.6450012], [-38.072394, -12.6451681], [-38.0724209, -12.6451909], [-38.0724678, -12.6452119], [-38.0725121, -12.6452197]]}}, {"type": "Feature", "id": "776280201", "properties": {"highway": "trunk_link"}, "geometry": {"type": "LineString", "coordinates": [[-38.0775561, -12.6460453], [-38.0775339, -12.6457458]]}}, {"type": "Feature", "id": "776280202", "properties": {"highway": "residential"}, "geometry": {"type": "LineString", "coordinates": [[-38.0798786, -12.6468675], [-38.0798725, -12.6469156], [-38.0798602, -12.6470119], [-38.0798718, -12.6470496], [-38.0799147, -12.6470971]]}}, {"type": "Feature", "id": "776280206", "properties": {"highway": "service"}, "geometry": {"type": "LineString", "coordinates": [[-38.0757785, -12.647314], [-38.0757856, -12.6472757], [-38.0757865, -12.6472504], [-38.0757872, -12.6471632], [-38.0757964, -12.6469825]]}}, {"type": "Feature", "id": "776280207", "properties": {"highway": "service"}, "geometry": {"type": "LineString", "coordinates": [[-38.0758564, -12.646987], [-38.0758689, -12.6471634], [-38.0758708, -12.6472502], [-38.075878, -12.6472789], [-38.0758867, -12.6473121]]}}, {"type": "Feature", "id": "776280208", "properties": {"highway": "residential", "name": "Rua Principal do Lago"}, "geometry": {"type": "LineString", "coordinates": [[-38.0738058, -12.6459252], [-38.073726, -12.645843], [-38.0737113, -12.6458278], [-38.0735941, -12.6457089]]}}, {"type": "Feature", "id": "823927888", "properties": {"highway": "residential", "name": "Rua A"}, "geometry": {"type": "LineString", "coordinates": [[-38.0777772, -12.6475283], [-38.0777861, -12.6475586], [-38.0777978, -12.6475984], [-38.0777945, -12.6476634], [-38.0777867, -12.6477188], [-38.0777841, -12.6477923]]}}, {"type": "Feature", "id": "823933403", "properties": {"highway": "residential"}, "geometry": {"type": "LineString", "coordinates": [[-38.0796116, -12.6513435], [-38.0799585, -12.650947]]}}, {"type": "Feature", "id": "836565251", "properties": {"highway": "footway"}, "geometry": {"type": "LineString", "coordinates": [[-38.069096, -12.651459], [-38.0690663, -12.6516098], [-38.0690579, -12.6516519], [-38.0690203, -12.6517583], [-38.0689586, -12.6518605], [-38.0688911, -12.6519206], [-38.0688219, -12.6519624], [-38.0687562, -12.6519734], [-38.0687218, -12.6519726], [-38.0686479, -12.6519133], [-38.0685908, -12.6519267], [-38.0685479, -12.651974], [-38.0684865, -12.6519898], [-38.0684038, -12.6519324], [-38.06834, -12.6518603], [-38.0682819, -12.6517949], [-38.0681962, -12.6517174], [-38.0680999, -12.6516328], [-38.068125, -12.6515066], [-38.0681794, -12.6514055]]}}, {"type": "Feature", "id": "846598392", "properties": {"building": "house"}, "geometry": {"type": "Polygon", "coordinates": [[[-38.0757568, -12.6466889], [-38.0756243, -12.6466863], [-38.0756258, -12.6466114], [-38.0756462, -12.6466118], [-38.0756467, -12.6465829], [-38.0756201, -12.6465824], [-38.0756213, -12.646527], [-38.0756472, -12.6465275], [-38.0756479, -12.646491], [-38.0757607, -12.6464931], [-38.0757568, -12.6466889]]]}}, {"type": "Feature", "id": "846603671", "properties": {"highway": "footway"}, "geometry": {"type": "LineString", "coordinates": [[-38.0788092, -12.6470606], [-38.079116, -12.6473118], [-38.0791419, -12.6472948], [-38.0788402, -12.6470291], [-38.0789379, -12.6469168], [-38.0789895, -12.646799], [-38.0791002, -12.6468727], [-38.0795704, -12.6468813], [-38.0796769, -12.6468691]]}}, {"type": "Feature", "id": "846606010", "properties": {"building": "service", "name": "Portaria Condomínio Paraíso dos Lagos"}, "geometry": {"type": "Polygon", "coordinates": [[[-38.0759623, -12.6471775], [-38.0759626, -12.647111], [-38.0757453, -12.6471099], [-38.0757453, -12.6471454], [-38.0757449, -12.6471764], [-38.0759623, -12.6471775]]]}}, {"type": "Feature", "id": "846606011", "properties": {"building": "yes"}, "geometry": {"type": "Polygon", "coordinates": [[[-38.0773226, -12.6480044], [-38.0774106, -12.647895], [-38.0771139, -12.6476684], [-38.0770597, -12.6476684], [-38.0770018, -12.6477411], [-38.0773226, -12.6480044]]]}}, {"type": "Feature", "id": "846606012", "properties": {"building": "yes"}, "geometry": {"type": "Polygon", "coordinates": [[[-38.0774463, -12.6481093], [-38.0773458, -12.6480277], [-38.0775513, -12.6477867], [-38.0776518, -12.6478683], [-38.0774463, -12.6481093]]]}}, {"type": "Feature", "id": "846683843", "properties": {"building": "guardhouse", "name": "Portaria Condomínio Água"}, "geometry": {"type": "Polygon", "coordinates": [[[-38.0777529, -12.6475811], [-38.0777523, -12.6476564], [-38.0777153, -12.6476558], [-38.0777102, -12.6476794], [-38.0776081, -12.6476377], [-38.0776132, -12.647583], [-38.0776745, -12.6475861], [-38.077677, -12.6475749], [-38.0777529, -12.6475811]]]}}, {"type": "Feature", "id": "846683844", "properties": {"building": "house"}, "geometry": {"type": "Polygon", "coordinates": [[[-38.0765417, -12.6460716], [-38.0766241, -12.6461544], [-38.0767511, -12.646034], [-38.0766965, -12.6459793], [-38.0766831, -12.645992], [-38.0766683, -12.6459771], [-38.0766099, -12.6460325], [-38.0765968, -12.6460194], [-38.0765417, -12.6460716]]]}}, {"type": "Feature", "id": "846691542", "properties": {"building": "retail"}, "geometry": {"type": "Polygon", "coordinates": [[[-38.0728378, -12.6482693], [-38.0728849, -12.6483646], [-38.0727836, -12.6484064], [-38.0727417, -12.6483091], [-38.0728378, -12.6482693]]]}}, {"type": "Feature", "id": "846691543", "properties": {"leisure": "pitch"}, "geometry": {"type": "Polygon", "coordinates": [[[-38.071351, -12.6489512], [-38.0714223, -12.6490637], [-38.0712135, -12.6491896], [-38.0711422, -12.649077], [-38.071351, -12.6489512]]]}}, {"type": "Feature", "id": "846691544", "properties": {"building": "retail"}, "geometry": {"type": "Polygon", "coordinates": [[[-38.0706869, -12.6499912], [-38.0705771, -12.6500603], [-38.0705039, -12.6499496], [-38.0706136, -12.6498805], [-38.0706869, -12.6499912]]]}}, {"type": "Feature", "id": "846691551", "properties": {"building": "house"}, "geometry": {"type": "Polygon", "coordinates": [[[-38.0753468, -12.6459584], [-38.0752519, -12.6459567], [-38.0752514, -12.6459822], [-38.0752237, -12.6459817], [-38.0752248, -12.6459208], [-38.0752032, -12.6459205], [-38.075205, -12.6458279], [-38.0753492, -12.6458305], [-38.0753468, -12.6459584]]]}}, {"type": "Feature", "id": "846691552", "properties": {"building": "house"}, "geometry": {"type": "Polygon", "coordinates": [[[-38.0750571, -12.6457758], [-38.0749554, -12.6457754], [-38.074956, -12.6456146], [-38.0750039, -12.6456148], [-38.075004, -12.6455961], [-38.0750578, -12.6455963], [-38.0750571, -12.6457758]]]}}, {"type": "Feature", "id": "846691553", "properties": {"building": "house"}, "geometry": {"type": "Polygon", "coordinates": [[[-38.0754795, -12.6464071], [-38.0753518, -12.6464067], [-38.0753525, -12.6462025], [-38.0754802, -12.6462029], [-38.0754795, -12.6464071]]]}}, {"type": "Feature", "id": "846691554", "properties": {"building": "house"}, "geometry": {"type": "Polygon", "coordinates": [[[-38.0760242, -12.6464762], [-38.0760228, -12.6463869], [-38.0760565, -12.6463864], [-38.0760558, -12.6463449], [-38.0761354, -12.6463436], [-38.0761357, -12.6463623], [-38.0761561, -12.646362], [-38.076158, -12.6464741], [-38.0760242, -12.6464762]]]}}, {"type": "Feature", "id": "846691555", "properties": {"building": "house"}, "geometry": {"type": "Polygon", "coordinates": [[[-38.0759573, -12.6463296], [-38.0759568, -12.646214], [-38.0761579, -12.6462132], [-38.0761584, -12.6463288], [-38.0759573, -12.6463296]]]}}, {"type": "Feature", "id": "846691556", "properties": {"building": "house"}, "geometry": {"type": "Polygon", "coordinates": [[[-38.0760313, -12.6455628], [-38.0759609, -12.6454963], [-38.0760977, -12.6453587], [-38.076168, -12.6454252], [-38.0760313, -12.6455628]]]}}, {"type": "Feature", "id": "846691557", "properties": {"building": "house"}, "geometry": {"type": "Polygon", "coordinates": [[[-38.0759198, -12.6454621], [-38.0760336, -12.6453584], [-38.0760336, -12.6452615], [-38.0759745, -12.6452615], [-38.0759699, -12.6452763], [-38.0759085, -12.645294], [-38.075909, -12.6453242], [-38.0758964, -12.6453244], [-38.0758972, -12.6453657], [-38.0759179, -12.6453653], [-38.0759198, -12.6454621]]]}}, {"type": "Feature", "id": "846691558", "properties": {"building": "house"}, "geometry": {"type": "Polygon", "coordinates": [[[-38.0759841, -12.6452038], [-38.075902, -12.6451278], [-38.0758122, -12.6452201], [-38.0758943, -12.6452961], [-38.0759841, -12.6452038]]]}}, {"type": "Feature", "id": "846691559", "properties": {"building": "house"}, "geometry": {"type": "Polygon", "coordinates": [[[-38.0749259, -12.6449998], [-38.0748631, -12.6450012], [-38.0748624, -12.6449701], [-38.0748282, -12.6449709], [-38.0748262, -12.6448866], [-38.0748988, -12.644885], [-38.0749034, -12.6448998], [-38.0749235, -12.6448994], [-38.0749259, -12.6449998]]]}}, {"type": "Feature", "id": "846788383", "properties": {"building": "yes"}, "geometry": {"type": "Polygon", "coordinates": [[[-38.0701901, -12.6501677], [-38.0700781, -12.6502409], [-38.0700125, -12.6501452], [-38.070049, -12.6501213], [-38.0700375, -12.6501047], [-38.07009, -12.6500704], [-38.070078, -12.6500528], [-38.070101, -12.6500378], [-38.0701901, -12.6501677]]]}}, {"type": "Feature", "id": "846788384", "properties": {"building": "yes"}, "geometry": {"type": "Polygon", "coordinates": [[[-38.0699158, -12.6503672], [-38.0698496, -12.6504063], [-38.0698385, -12.6503885], [-38.0697736, -12.6504269], [-38.0697267, -12.6503515], [-38.0697692, -12.6503264], [-38.0697559, -12.6503049], [-38.0698446, -12.6502524], [-38.0699158, -12.6503672]]]}}, {"type": "Feature", "id": "846788385", "properties": {"building": "house"}, "geometry": {"type": "Polygon", "coordinates": [[[-38.0751875, -12.6466462], [-38.0751893, -12.6465677], [-38.0751788, -12.6465675], [-38.07518, -12.6465161], [-38.0751339, -12.6465151], [-38.0751332, -12.6465453], [-38.0750814, -12.6465442], [-38.0750792, -12.6466439], [-38.0751875, -12.6466462]]]}}, {"type": "Feature", "id": "846788386", "properties": {"building": "house"}, "geometry": {"type": "Polygon", "coordinates": [[[-38.0750102, -12.6466409], [-38.0750511, -12.6466052], [-38.0750511, -12.6465319], [-38.0749824, -12.6464786], [-38.0749449, -12.6464786], [-38.0748984, -12.6465191], [-38.0750102, -12.6466409]]]}}, {"type": "Feature", "id": "846788387", "properties": {"building": "house"}, "geometry": {"type": "Polygon", "coordinates": [[[-38.0747141, -12.6463783], [-38.0748093, -12.6462746], [-38.0747432, -12.6462168], [-38.0746992, -12.6462647], [-38.0746884, -12.6462553], [-38.0746373, -12.6463111], [-38.0747141, -12.6463783]]]}}, {"type": "Feature", "id": "846788388", "properties": {"building": "house"}, "geometry": {"type": "Polygon", "coordinates": [[[-38.0750833, -12.6535006], [-38.075021, -12.6535869], [-38.0748871, -12.6534949], [-38.0749494, -12.6534086], [-38.0750833, -12.6535006]]]}}, {"type": "Feature", "id": "846788390", "properties": {"building": "yes"}, "geometry": {"type": "Polygon", "coordinates": [[[-38.0690807, -12.6508609], [-38.068971, -12.6508723], [-38.068956, -12.6507356], [-38.0690158, -12.6507294], [-38.0690124, -12.650698], [-38.0690623, -12.6506928], [-38.0690807, -12.6508609]]]}}, {"type": "Feature", "id": "846788391", "properties": {"building": "yes"}, "geometry": {"type": "Polygon", "coordinates": [[[-38.0695674, -12.6506045], [-38.0695107, -12.650508], [-38.0694756, -12.6505276], [-38.0694538, -12.6504905], [-38.0693942, -12.6505239], [-38.0694727, -12.6506575], [-38.0695674, -12.6506045]]]}}, {"type": "Feature", "id": "846788392", "properties": {"building": "house"}, "geometry": {"type": "Polygon", "coordinates": [[[-38.0763617, -12.6463604], [-38.0762297, -12.6463599], [-38.0762302, -12.6462308], [-38.0763231, -12.6462311], [-38.0763664, -12.6461892], [-38.0764188, -12.6462407], [-38.0764004, -12.6462584], [-38.0764182, -12.6462759], [-38.0763979, -12.6462956], [-38.0763907, -12.6462886], [-38.0763618, -12.6463165], [-38.0763617, -12.6463604]]]}}, {"type": "Feature", "id": "846788393", "properties": {"building": "house"}, "geometry": {"type": "Polygon", "coordinates": [[[-38.0770128, -12.6466746], [-38.0769573, -12.6466151], [-38.0771354, -12.6464569], [-38.0771811, -12.6465058], [-38.0772167, -12.6464741], [-38.077245, -12.6465045], [-38.0770553, -12.6466731], [-38.0770368, -12.6466533], [-38.0770128, -12.6466746]]]}}, {"type": "Feature", "id": "846788394", "properties": {"building": "house"}, "geometry": {"type": "Polygon", "coordinates": [[[-38.0762663, -12.6457079], [-38.0762489, -12.6456904], [-38.0762436, -12.6457038], [-38.0762003, -12.6456594], [-38.0762178, -12.645652], [-38.0761964, -12.6456305], [-38.0762595, -12.6455706], [-38.0762793, -12.6455905], [-38.076298, -12.6455728], [-38.076271, -12.6455456], [-38.0762956, -12.6455222], [-38.0763765, -12.6456035], [-38.0762663, -12.6457079]]]}}, {"type": "Feature", "id": "846788398", "properties": {"building": "house"}, "geometry": {"type": "Polygon", "coordinates": [[[-38.0746632, -12.6453398], [-38.0745534, -12.6453397], [-38.0745536, -12.6451665], [-38.0746634, -12.6451667], [-38.0746632, -12.6453398]]]}}, {"type": "Feature", "id": "846788399", "properties": {"building": "house"}, "geometry": {"type": "Polygon", "coordinates": [[[-38.0746495, -12.6456716], [-38.0746479, -12.6455239], [-38.0745253, -12.6455252], [-38.074527, -12.6456729], [-38.0746495, -12.6456716]]]}}, {"type": "Feature", "id": "846788400", "properties": {"building": "house"}, "geometry": {"type": "Polygon", "coordinates": [[[-38.0737368, -12.6453287], [-38.073736, -12.6453511], [-38.0736603, -12.6453485], [-38.0736626, -12.6452864], [-38.0735717, -12.6452833], [-38.0735726, -12.6452575], [-38.0735946, -12.6452499], [-38.0736015, -12.645232], [-38.0736823, -12.6451499], [-38.0737395, -12.6452035], [-38.073738, -12.6452439], [-38.0737842, -12.6452455], [-38.0737815, -12.6453187], [-38.0737618, -12.645318], [-38.0737614, -12.6453296], [-38.0737368, -12.6453287]]]}}, {"type": "Feature", "id": "846791238", "properties": {"building": "retail", "name": "Shopping Vila do Mar"}, "geometry": {"type": "Polygon", "coordinates": [[[-38.0729941, -12.6483737], [-38.0730927, -12.6485735], [-38.0730077, -12.6486135], [-38.0728849, -12.6483646], [-38.0728378, -12.6482693], [-38.0729632, -12.6482104], [-38.0729786, -12.6482417], [-38.0730928, -12.6481881], [-38.0731485, -12.6483011], [-38.0731121, -12.6483182], [-38.0729941, -12.6483737]]]}}, {"type": "Feature", "id": "846791239", "properties": {"building": "yes"}, "geometry": {"type": "Polygon", "coordinates": [[[-38.0732816, -12.6483753], [-38.0731712, -12.6484306], [-38.0731121, -12.6483182], [-38.0731485, -12.6483011], [-38.0732215, -12.6482611], [-38.0732816, -12.6483753]]]}}, {"type": "Feature", "id": "847263757", "properties": {"building": "carport"}, "geometry": {"type": "Polygon", "coordinates": [[[-38.0735907, -12.6449694], [-38.0735544, -12.6450035], [-38.0735215, -12.6449701], [-38.0735577, -12.644936], [-38.0735907, -12.6449694]]]}}, {"type": "Feature", "id": "847538121", "properties": {"building": "service"}, "geometry": {"type": "Polygon", "coordinates": [[[-38.0773267, -12.6473111], [-38.0772318, -12.6473045], [-38.0772422, -12.647162], [-38.0773371, -12.6471686], [-38.0773267, -12.6473111]]]}}, {"type": "Feature", "id": "849189611", "properties": {"leisure": "swimming_pool"}, "geometry": {"type": "Polygon", "coordinates": [[[-38.0689944, -12.6485092], [-38.0689798, -12.648542], [-38.0690431, -12.6485716], [-38.0690573, -12.6485402], [-38.0689944, -12.6485092]]]}}, {"type": "Feature", "id": "849189612", "properties": {"leisure": "swimming_pool"}, "geometry": {"type": "Polygon", "coordinates": [[[-38.069144, -12.6485703], [-38.0691284, -12.6486009], [-38.069148, -12.6486121], [-38.069166, -12.648582], [-38.069144, -12.6485703]]]}}, {"type": "Feature", "id": "849189613", "properties": {"leisure": "swimming_pool"}, "geometry": {"type": "Polygon", "coordinates": [[[-38.0693038, -12.6485653], [-38.0692891, -12.6485946], [-38.0693425, -12.6486247], [-38.0693583, -12.648592], [-38.0693038, -12.6485653]]]}}, {"type": "Feature", "id": "849189614", "properties": {"leisure": "swimming_pool"}, "geometry": {"type": "Polygon", "coordinates": [[[-38.0690475, -12.6482742], [-38.0690255, -12.648315], [-38.0690604, -12.6483279], [-38.0690786, -12.6482902], [-38.0690475, -12.6482742]]]}}, {"type": "Feature", "id": "849189615", "properties": {"leisure": "swimming_pool"}, "geometry": {"type": "Polygon", "coordinates": [[[-38.0689098, -12.6481891], [-38.0689743, -12.648225], [-38.0689527, -12.6482517], [-38.0689337, -12.6482509], [-38.0689242, -12.6482483], [-38.0689167, -12.648242], [-38.0689167, -12.6482224], [-38.0688958, -12.6482217], [-38.0688878, -12.648208], [-38.0688928, -12.6481958], [-38.0689011, -12.6481884], [-38.0689098, -12.6481891]]]}}, {"type": "Feature", "id": "849189616", "properties": {"leisure": "swimming_pool"}, "geometry": {"type": "Polygon", "coordinates": [[[-38.0687702, -12.6481791], [-38.0687524, -12.6482069], [-38.0688112, -12.6482409], [-38.0688294, -12.6482106], [-38.0687702, -12.6481791]]]}}, {"type": "Feature", "id": "849189617", "properties": {"building": "house"}, "geometry": {"type": "Polygon", "coordinates": [[[-38.0691908, -12.648415], [-38.0691301, -12.6485309], [-38.069242, -12.6485897], [-38.0693072, -12.6484702], [-38.0691908, -12.648415]]]}}, {"type": "Feature", "id": "849189618", "properties": {"building": "house"}, "geometry": {"type": "Polygon", "coordinates": [[[-38.0691908, -12.648415], [-38.0691426, -12.6483899], [-38.0691536, -12.6483695], [-38.0690815, -12.6483399], [-38.0690098, -12.6484713], [-38.0691301, -12.6485309], [-38.0691908, -12.648415]]]}}, {"type": "Feature", "id": "849189619", "properties": {"building": "house"}, "geometry": {"type": "Polygon", "coordinates": [[[-38.0690379, -12.6483969], [-38.0689309, -12.648572], [-38.0689013, -12.6485583], [-38.0688786, -12.6485949], [-38.068852, -12.6486345], [-38.0687864, -12.6485945], [-38.0688076, -12.6485523], [-38.0688281, -12.6485179], [-38.0688437, -12.6485279], [-38.0689393, -12.6483477], [-38.0690379, -12.6483969]]]}}, {"type": "Feature", "id": "849189620", "properties": {"building": "house"}, "geometry": {"type": "Polygon", "coordinates": [[[-38.0689783, -12.6485808], [-38.0690808, -12.6486393], [-38.0690497, -12.6487019], [-38.0689264, -12.6486234], [-38.0689446, -12.6485938], [-38.0689681, -12.6486049], [-38.0689783, -12.6485808]]]}}, {"type": "Feature", "id": "849189621", "properties": {"building": "house"}, "geometry": {"type": "Polygon", "coordinates": [[[-38.0692621, -12.648613], [-38.069374, -12.648666], [-38.0693019, -12.6488177], [-38.0692848, -12.6488096], [-38.0692727, -12.6488318], [-38.0691597, -12.6487714], [-38.06917, -12.6487543], [-38.0691843, -12.6487307], [-38.0691976, -12.6487352], [-38.0692621, -12.648613]]]}}, {"type": "Feature", "id": "849189622", "properties": {"building": "house"}, "geometry": {"type": "Polygon", "coordinates": [[[-38.0693482, -12.6487385], [-38.0693076, -12.6488244], [-38.0693406, -12.6488436], [-38.069421, -12.6489028], [-38.0694779, -12.6487844], [-38.0693983, -12.6487418], [-38.0693888, -12.6487578], [-38.0693482, -12.6487385]]]}}, {"type": "Feature", "id": "849189623", "properties": {"leisure": "garden"}, "geometry": {"type": "Polygon", "coordinates": [[[-38.0691836, -12.6485801], [-38.0692549, -12.6486053], [-38.0691976, -12.6487352], [-38.0691843, -12.6487307], [-38.06917, -12.6487543], [-38.0690975, -12.6487108], [-38.0691388, -12.6486293], [-38.0691589, -12.6486367], [-38.0691836, -12.6485801]]]}}, {"type": "Feature", "id": "849189624", "properties": {"leisure": "garden"}, "geometry": {"type": "Polygon", "coordinates": [[[-38.0692204, -12.6483617], [-38.0691908, -12.648415], [-38.0693072, -12.6484702], [-38.0693277, -12.6484195], [-38.0692204, -12.6483617]]]}}, {"type": "Feature", "id": "849189625", "properties": {"leisure": "garden"}, "geometry": {"type": "Polygon", "coordinates": [[[-38.0694548, -12.6484924], [-38.0693353, -12.6484295], [-38.0692898, -12.6485386], [-38.0693702, -12.6485805], [-38.0693922, -12.6485516], [-38.0694233, -12.6485609], [-38.0694548, -12.6484924]]]}}, {"type": "Feature", "id": "849189626", "properties": {"leisure": "garden"}, "geometry": {"type": "Polygon", "coordinates": [[[-38.0693482, -12.6487385], [-38.0694608, -12.6485168], [-38.0695746, -12.6485823], [-38.0694779, -12.6487844], [-38.0693983, -12.6487418], [-38.0693888, -12.6487578], [-38.0693482, -12.6487385]]]}}, {"type": "Feature", "id": "849189627", "properties": {"leisure": "garden"}, "geometry": {"type": "Polygon", "coordinates": [[[-38.0696129, -12.6485986], [-38.0695837, -12.6486519], [-38.0696766, -12.6487023], [-38.0697062, -12.648653], [-38.0696129, -12.6485986]]]}}, {"type": "Feature", "id": "849189628", "properties": {"building": "house"}, "geometry": {"type": "Polygon", "coordinates": [[[-38.0696129, -12.6485986], [-38.0695845, -12.6485838], [-38.0695078, -12.64874], [-38.0696235, -12.6488011], [-38.069671, -12.6487204], [-38.0695735, -12.6486697], [-38.0696129, -12.6485986]]]}}, {"type": "Feature", "id": "849189629", "properties": {"building": "house"}, "geometry": {"type": "Polygon", "coordinates": [[[-38.0697764, -12.648782], [-38.0697024, -12.6487295], [-38.0696156, -12.6488357], [-38.0697043, -12.6488986], [-38.0697764, -12.648782]]]}}, {"type": "Feature", "id": "849189630", "properties": {"building": "house"}, "geometry": {"type": "Polygon", "coordinates": [[[-38.0697445, -12.6488808], [-38.0698273, -12.6489734], [-38.0698356, -12.6489826], [-38.0697123, -12.6490951], [-38.069627, -12.6489982], [-38.0697445, -12.6488808]]]}}, {"type": "Feature", "id": "849189631", "properties": {"leisure": "garden"}, "geometry": {"type": "Polygon", "coordinates": [[[-38.0697445, -12.6488808], [-38.0698337, -12.6487483], [-38.069971, -12.6488527], [-38.0698273, -12.6489734], [-38.0697445, -12.6488808]]]}}, {"type": "Feature", "id": "849189632", "properties": {"building": "house"}, "geometry": {"type": "Polygon", "coordinates": [[[-38.0700689, -12.6491086], [-38.0699702, -12.6491619], [-38.0700605, -12.6493211], [-38.0701561, -12.6492693], [-38.0700689, -12.6491086]]]}}, {"type": "Feature", "id": "849189633", "properties": {"leisure": "garden"}, "geometry": {"type": "Polygon", "coordinates": [[[-38.0700689, -12.6491086], [-38.0701136, -12.6490879], [-38.0702092, -12.6492471], [-38.0701561, -12.6492693], [-38.0700689, -12.6491086]]]}}, {"type": "Feature", "id": "849189634", "properties": {"leisure": "swimming_pool"}, "geometry": {"type": "Polygon", "coordinates": [[[-38.0702272, -12.6492983], [-38.0702203, -12.6493228], [-38.0702049, -12.6493431], [-38.0701799, -12.6493648], [-38.0701671, -12.6493585], [-38.070155, -12.6493467], [-38.0701577, -12.6493289], [-38.070163, -12.649318], [-38.0701757, -12.649318], [-38.0701751, -12.6492994], [-38.0701845, -12.6492892], [-38.0701998, -12.6492839], [-38.0702159, -12.649285], [-38.0702272, -12.6492983]]]}}, {"type": "Feature", "id": "849189635", "properties": {"building": "house"}, "geometry": {"type": "Polygon", "coordinates": [[[-38.0689059, -12.6483509], [-38.0688884, -12.6482902], [-38.0688171, -12.6483065], [-38.0688201, -12.6483413], [-38.0687807, -12.648345], [-38.068786, -12.6483768], [-38.0688414, -12.6483642], [-38.0688528, -12.6483916], [-38.0688907, -12.6483864], [-38.0688816, -12.6483568], [-38.0689059, -12.6483509]]]}}, {"type": "Feature", "id": "849189636", "properties": {"building": "house"}, "geometry": {"type": "Polygon", "coordinates": [[[-38.0687852, -12.6482902], [-38.0686881, -12.648248], [-38.0685865, -12.6484101], [-38.0685994, -12.6484197], [-38.0685918, -12.6484323], [-38.068654, -12.6484664], [-38.0686752, -12.648436], [-38.0687018, -12.648453], [-38.0687852, -12.6482902]]]}}, {"type": "Feature", "id": "849189637", "properties": {"building": "house"}, "geometry": {"type": "Polygon", "coordinates": [[[-38.0687086, -12.6481769], [-38.0686185, -12.6481261], [-38.0685949, -12.648162], [-38.0685576, -12.6482188], [-38.06853, -12.6482607], [-38.0686298, -12.648313], [-38.0687086, -12.6481769]]]}}, {"type": "Feature", "id": "849189638", "properties": {"leisure": "garden"}, "geometry": {"type": "Polygon", "coordinates": [[[-38.0687086, -12.6481769], [-38.0687644, -12.6481068], [-38.0686545, -12.6480445], [-38.0686185, -12.6481261], [-38.0687086, -12.6481769]]]}}, {"type": "Feature", "id": "849189639", "properties": {"building": "house"}, "geometry": {"type": "Polygon", "coordinates": [[[-38.0684377, -12.6481586], [-38.0683643, -12.6482842], [-38.0684678, -12.6483423], [-38.0685128, -12.6482711], [-38.0684946, -12.6482596], [-38.0685268, -12.6482099], [-38.0684377, -12.6481586]]]}}, {"type": "Feature", "id": "849189640", "properties": {"building": "house"}, "geometry": {"type": "Polygon", "coordinates": [[[-38.0685386, -12.6481314], [-38.0685053, -12.6481848], [-38.0685576, -12.6482188], [-38.0685949, -12.648162], [-38.0685386, -12.6481314]]]}}, {"type": "Feature", "id": "849189641", "properties": {"leisure": "garden"}, "geometry": {"type": "Polygon", "coordinates": [[[-38.0686545, -12.6480445], [-38.0685445, -12.6479796], [-38.0684758, -12.6480895], [-38.0685949, -12.648162], [-38.0686545, -12.6480445]]]}}, {"type": "Feature", "id": "849189642", "properties": {"leisure": "swimming_pool"}, "geometry": {"type": "Polygon", "coordinates": [[[-38.0685132, -12.6483213], [-38.0684905, -12.648352], [-38.0685424, -12.6483846], [-38.0685671, -12.6483502], [-38.0685132, -12.6483213]]]}}, {"type": "Feature", "id": "849189643", "properties": {"leisure": "swimming_pool"}, "geometry": {"type": "Polygon", "coordinates": [[[-38.0684758, -12.6479564], [-38.0684444, -12.6480037], [-38.0684633, -12.6480167], [-38.0684956, -12.6479686], [-38.0684758, -12.6479564]]]}}, {"type": "Feature", "id": "849189644", "properties": {"leisure": "garden"}, "geometry": {"type": "Polygon", "coordinates": [[[-38.0684736, -12.6480659], [-38.0684208, -12.6480326], [-38.0683897, -12.6480778], [-38.0684265, -12.6481], [-38.0684087, -12.6481355], [-38.0684284, -12.6481462], [-38.0684736, -12.6480659]]]}}, {"type": "Feature", "id": "849189645", "properties": {"building": "house"}, "geometry": {"type": "Polygon", "coordinates": [[[-38.0683897, -12.6480778], [-38.0683643, -12.6480652], [-38.0683177, -12.6481344], [-38.0683033, -12.6481318], [-38.0682418, -12.6482288], [-38.0683507, -12.6482865], [-38.0684216, -12.6481577], [-38.0684, -12.6481422], [-38.0684265, -12.6481], [-38.0683897, -12.6480778]]]}}, {"type": "Feature", "id": "849189646", "properties": {"leisure": "swimming_pool"}, "geometry": {"type": "Polygon", "coordinates": [[[-38.0681744, -12.6477762], [-38.0681336, -12.6478302], [-38.0681623, -12.6478508], [-38.0681723, -12.6478412], [-38.0681897, -12.6478527], [-38.0682045, -12.6478294], [-38.068187, -12.6478202], [-38.0682039, -12.6477933], [-38.0681744, -12.6477762]]]}}, {"type": "Feature", "id": "849189647", "properties": {"leisure": "swimming_pool"}, "geometry": {"type": "Polygon", "coordinates": [[[-38.0681157, -12.6478745], [-38.0680787, -12.6479303], [-38.0681077, -12.6479491], [-38.0681292, -12.6479117], [-38.0681412, -12.6479151], [-38.0681533, -12.6478963], [-38.0681157, -12.6478745]]]}}, {"type": "Feature", "id": "849189648", "properties": {"leisure": "swimming_pool"}, "geometry": {"type": "Polygon", "coordinates": [[[-38.0680628, -12.647989], [-38.0680311, -12.648039], [-38.0680815, -12.648073], [-38.0680936, -12.6480573], [-38.0680735, -12.6480437], [-38.0680883, -12.6480272], [-38.0681089, -12.6480364], [-38.0681178, -12.6480202], [-38.0680628, -12.647989]]]}}, {"type": "Feature", "id": "849189649", "properties": {"leisure": "swimming_pool"}, "geometry": {"type": "Polygon", "coordinates": [[[-38.0678626, -12.6482353], [-38.0678304, -12.6482876], [-38.0678599, -12.6483025], [-38.0678921, -12.6482517], [-38.0678626, -12.6482353]]]}}, {"type": "Feature", "id": "849189650", "properties": {"leisure": "swimming_pool"}, "geometry": {"type": "Polygon", "coordinates": [[[-38.0678703, -12.6478312], [-38.0678352, -12.6478827], [-38.067894, -12.6479208], [-38.0679168, -12.6478873], [-38.0678915, -12.6478709], [-38.0679038, -12.6478528], [-38.0678703, -12.6478312]]]}}, {"type": "Feature", "id": "849189651", "properties": {"leisure": "swimming_pool"}, "geometry": {"type": "Polygon", "coordinates": [[[-38.0672834, -12.6492823], [-38.0672493, -12.6493349], [-38.0672728, -12.6493512], [-38.0672918, -12.6493201], [-38.0673259, -12.649346], [-38.0673426, -12.6493149], [-38.0672834, -12.6492823]]]}}, {"type": "Feature", "id": "849189652", "properties": {"leisure": "swimming_pool"}, "geometry": {"type": "Polygon", "coordinates": [[[-38.0669254, -12.6493001], [-38.066914, -12.6493275], [-38.0669557, -12.6493519], [-38.0669762, -12.6493275], [-38.0669254, -12.6493001]]]}}, {"type": "Feature", "id": "849189653", "properties": {"leisure": "swimming_pool"}, "geometry": {"type": "Polygon", "coordinates": [[[-38.0668715, -12.6494644], [-38.0668548, -12.6494829], [-38.0669034, -12.6495125], [-38.0669162, -12.6494889], [-38.0668715, -12.6494644]]]}}, {"type": "Feature", "id": "849189654", "properties": {"leisure": "swimming_pool"}, "geometry": {"type": "Polygon", "coordinates": [[[-38.06681, -12.6495496], [-38.0667759, -12.6495954], [-38.0668138, -12.6496162], [-38.0668442, -12.6495703], [-38.06681, -12.6495496]]]}}, {"type": "Feature", "id": "849189655", "properties": {"leisure": "swimming_pool"}, "geometry": {"type": "Polygon", "coordinates": [[[-38.0665494, -12.6504833], [-38.0665138, -12.6505381], [-38.0665677, -12.6505637], [-38.0665817, -12.6505407], [-38.0665555, -12.650527], [-38.0665752, -12.6504963], [-38.0665494, -12.6504833]]]}}, {"type": "Feature", "id": "849189656", "properties": {"landuse": "forest"}, "geometry": {"type": "Polygon", "coordinates": [[[-38.0655965, -12.6506282], [-38.065916, -12.6507507], [-38.0663921, -12.6510528], [-38.0669266, -12.6513344], [-38.0673473, -12.6516071], [-38.0675925, -12.6515969], [-38.0676214, -12.6513764], [-38.0674086, -12.65124], [-38.066649, -12.6510369], [-38.066404, -12.650808], [-38.066199, -12.6506955], [-38.0656856, -12.6504997], [-38.0652646, -12.6503391], [-38.0653917, -12.6505383], [-38.0655965, -12.6506282]]]}}, {"type": "Feature", "id": "875348231", "properties": {"highway": "footway"}, "geometry": {"type": "LineString", "coordinates": [[-38.0762713, -12.6536146], [-38.0764286, -12.6531944]]}}, {"type": "Feature", "id": "875348232", "properties": {"highway": "footway"}, "geometry": {"type": "Polygon", "coordinates": [[[-38.0763554, -12.6538809], [-38.0764688, -12.6542482], [-38.0765036, -12.6542866], [-38.0765636, -12.6542865], [-38.0766995, -12.6542069], [-38.0770234, -12.6540263], [-38.0770844, -12.6539867], [-38.0771047, -12.6539483], [-38.0770984, -12.6539067], [-38.0770632, -12.6538568], [-38.0764286, -12.6531944], [-38.0763017, -12.6530418], [-38.0762077, -12.6529239], [-38.0760678, -12.6528875], [-38.0760013, -12.6528187], [-38.0759473, -12.652791], [-38.0758789, -12.652794], [-38.0758231, -12.652824], [-38.0756823, -12.6530109], [-38.0759317, -12.6532785], [-38.0759875, -12.6533977], [-38.0760227, -12.6534624], [-38.0760708, -12.6534736], [-38.076167, -12.6534881], [-38.0762227, -12.6535219], [-38.0762483, -12.6535586], [-38.0762713, -12.6536146], [-38.0763554, -12.6538809]]]}}, {"type": "Feature", "id": "875348233", "properties": {"highway": "footway"}, "geometry": {"type": "LineString", "coordinates": [[-38.0761482, -12.653947], [-38.0763554, -12.6538809], [-38.0764592, -12.6538538], [-38.0765368, -12.6538307]]}}, {"type": "Feature", "id": "875351626", "properties": {"highway": "footway"}, "geometry": {"type": "LineString", "coordinates": [[-38.0663342, -12.6507277], [-38.0667556, -12.6499464]]}}, {"type": "Feature", "id": "881802541", "properties": {"leisure": "pitch"}, "geometry": {"type": "Polygon", "coordinates": [[[-38.0754604, -12.652689], [-38.0755569, -12.6524362], [-38.0757014, -12.6524887], [-38.075605, -12.6527415], [-38.0754604, -12.652689]]]}}, {"type": "Feature", "id": "917953763", "properties": {"highway": "residential", "name": "Alameda Humaitá"}, "geometry": {"type": "LineString", "coordinates": [[-38.0681794, -12.6514055], [-38.0682274, -12.6513074], [-38.0682992, -12.6512241], [-38.0683901, -12.6511611], [-38.0684942, -12.6511223], [-38.068605, -12.6511103], [-38.0687154, -12.6511257], [-38.0688017, -12.6511443], [-38.0689324, -12.6511863]]}}, {"type": "Feature", "id": "931828610", "properties": {"highway": "service"}, "geometry": {"type": "LineString", "coordinates": [[-38.0756734, -12.6473183], [-38.0756855, -12.6472718], [-38.0756929, -12.6472437], [-38.0757014, -12.6471456], [-38.0757051, -12.6471061], [-38.0757339, -12.647054], [-38.0757603, -12.6470202], [-38.0757964, -12.6469825]]}}, {"type": "Feature", "id": "931828611", "properties": {"highway": "service"}, "geometry": {"type": "LineString", "coordinates": [[-38.0758564, -12.646987], [-38.0759381, -12.6470574], [-38.0759639, -12.6470905], [-38.0759772, -12.6471597], [-38.0759801, -12.6471937], [-38.0759785, -12.6472531], [-38.0759806, -12.6472751], [-38.0759843, -12.6473111]]}}, {"type": "Feature", "id": "931828613", "properties": {"highway": "residential", "name": "Rua Principal do Lago"}, "geometry": {"type": "LineString", "coordinates": [[-38.0755, -12.6468634], [-38.0754456, -12.6468628], [-38.0750942, -12.646859]]}}, {"type": "Feature", "id": "931828614", "properties": {"highway": "service"}, "geometry": {"type": "LineString", "coordinates": [[-38.0757964, -12.6469825], [-38.0758142, -12.6469164], [-38.0758203, -12.6468668], [-38.0758293, -12.6469166], [-38.0758564, -12.646987]]}}, {"type": "Feature", "id": "953209279", "properties": {"highway": "cycleway"}, "geometry": {"type": "LineString", "coordinates": [[-38.074992, -12.6468899], [-38.0749651, -12.6468627], [-38.0748863, -12.6467771], [-38.074661, -12.6465349], [-38.0744872, -12.6463548], [-38.0743511, -12.6462127], [-38.0743276, -12.6461972], [-38.0742872, -12.6461931], [-38.0741401, -12.6461924], [-38.0740342, -12.6461923], [-38.0740015, -12.6461913], [-38.0739784, -12.6461891], [-38.0739484, -12.6461603], [-38.0738491, -12.6460535], [-38.0737859, -12.6459949], [-38.0737147, -12.6459916], [-38.0736439, -12.645991], [-38.0736089, -12.6459906], [-38.073588, -12.6459792], [-38.073558, -12.6459446], [-38.0735232, -12.6459035], [-38.0735174, -12.6458612], [-38.0735174, -12.6458455], [-38.0735166, -12.6458023], [-38.0735199, -12.6457324], [-38.073446, -12.645657], [-38.0733974, -12.6456138]]}}, {"type": "Feature", "id": "953209281", "properties": {"highway": "footway"}, "geometry": {"type": "LineString", "coordinates": [[-38.0734695, -12.6455457], [-38.0734472, -12.6455685], [-38.0733974, -12.6456138]]}}, {"type": "Feature", "id": "953209289", "properties": {"highway": "footway"}, "geometry": {"type": "LineString", "coordinates": [[-38.073234, -12.6454812], [-38.0730995, -12.645544], [-38.0730667, -12.6455593], [-38.0730006, -12.6455902], [-38.072982, -12.6456091], [-38.0728256, -12.6457684], [-38.0727922, -12.645804], [-38.0727594, -12.6458324], [-38.072757, -12.6458345]]}}, {"type": "Feature", "id": "953209291", "properties": {"highway": "footway"}, "geometry": {"type": "LineString", "coordinates": [[-38.072693, -12.6451231], [-38.0726695, -12.6450971], [-38.0726552, -12.6450822]]}}, {"type": "Feature", "id": "953209292", "properties": {"leisure": "playground"}, "geometry": {"type": "Polygon", "coordinates": [[[-38.073399, -12.6456864], [-38.0734155, -12.645704], [-38.0734333, -12.64572], [-38.0734541, -12.6457428], [-38.073452, -12.6457704], [-38.0734406, -12.6457909], [-38.0734179, -12.6458018], [-38.0733989, -12.6458044], [-38.0733792, -12.6457965], [-38.0733675, -12.6457878], [-38.0733526, -12.6457738], [-38.0733414, -12.6457599], [-38.0733352, -12.6457489], [-38.0733179, -12.6457255], [-38.0733207, -12.6457052], [-38.0733293, -12.6456828], [-38.0733544, -12.6456728], [-38.0733704, -12.6456729], [-38.0733778, -12.6456719], [-38.073399, -12.6456864]]]}}, {"type": "Feature", "id": "955934241", "properties": {"building": "office", "name": "Administração do Condomínio Paraíso dos Lagos"}, "geometry": {"type": "Polygon", "coordinates": [[[-38.0728104, -12.645032], [-38.0728704, -12.645089], [-38.0728105, -12.6451489], [-38.0727506, -12.6450918], [-38.0728104, -12.645032]]]}}, {"type": "Feature", "id": "955934242", "properties": {"leisure": "pitch"}, "geometry": {"type": "Polygon", "coordinates": [[[-38.0731609, -12.645163], [-38.0732799, -12.6452855], [-38.0730626, -12.6454863], [-38.0730447, -12.6454679], [-38.0729437, -12.6453638], [-38.0731609, -12.645163]]]}}, {"type": "Feature", "id": "955939804", "properties": {"highway": "footway"}, "geometry": {"type": "Polygon", "coordinates": [[[-38.067113, -12.6481937], [-38.0670556, -12.6482858], [-38.0670164, -12.6483539], [-38.0669649, -12.6484418], [-38.0669429, -12.6484832], [-38.0668898, -12.6485831], [-38.0668104, -12.6487255], [-38.0667857, -12.6487726], [-38.0667682, -12.6488106], [-38.0667663, -12.6488326], [-38.0667684, -12.6488546], [-38.0667821, -12.6488816], [-38.0668155, -12.6489153], [-38.0668831, -12.6489493], [-38.0671565, -12.6490919], [-38.0673361, -12.6491842], [-38.06763, -12.6493352], [-38.0676894, -12.6493613], [-38.0677347, -12.649365], [-38.0677749, -12.6493464], [-38.0678107, -12.6493112], [-38.0678323, -12.6492739], [-38.0678922, -12.6491702], [-38.0680179, -12.6489517], [-38.0681251, -12.6487507], [-38.0681258, -12.6487217], [-38.0681072, -12.6486965], [-38.0679949, -12.6486237], [-38.0677621, -12.6484861], [-38.067757, -12.6484831], [-38.0676384, -12.648414], [-38.0674016, -12.648291], [-38.0672643, -12.6482198], [-38.0671957, -12.6481855], [-38.0671533, -12.6481813], [-38.067113, -12.6481937]]]}}, {"type": "Feature", "id": "955939805", "properties": {"highway": "footway"}, "geometry": {"type": "LineString", "coordinates": [[-38.067097, -12.6487246], [-38.0669534, -12.6487962], [-38.0667821, -12.6488816]]}}, {"type": "Feature", "id": "955939806", "properties": {"highway": "footway"}, "geometry": {"type": "LineString", "coordinates": [[-38.067545, -12.6489466], [-38.0674925, -12.648957], [-38.0674491, -12.6489408], [-38.0674211, -12.6489016], [-38.067371, -12.6488188]]}}, {"type": "Feature", "id": "955939807", "properties": {"highway": "footway", "name": "Passarela central"}, "geometry": {"type": "LineString", "coordinates": [[-38.067545, -12.6489466], [-38.0677347, -12.649365]]}}, {"type": "Feature", "id": "955939808", "properties": {"highway": "footway", "name": "Passeio dos Namorados"}, "geometry": {"type": "LineString", "coordinates": [[-38.0674714, -12.6487843], [-38.067371, -12.6488188], [-38.0672778, -12.6488441], [-38.0671565, -12.6490919]]}}, {"type": "Feature", "id": "955939809", "properties": {"highway": "footway"}, "geometry": {"type": "LineString", "coordinates": [[-38.0673538, -12.6485614], [-38.0673995, -12.6485569], [-38.0674412, -12.6485695], [-38.0674753, -12.6486176], [-38.0675064, -12.6486753], [-38.0675381, -12.6487355], [-38.0675691, -12.6488156], [-38.0675863, -12.6488617], [-38.067585, -12.6489066], [-38.067545, -12.6489466]]}}, {"type": "Feature", "id": "955939810", "properties": {"building": "allotment_house"}, "geometry": {"type": "Polygon", "coordinates": [[[-38.0674943, -12.6486802], [-38.0674585, -12.6486132], [-38.0674349, -12.6486252], [-38.0674214, -12.6485999], [-38.0673472, -12.6486377], [-38.0673593, -12.6486603], [-38.0673309, -12.6486747], [-38.0673671, -12.6487424], [-38.0673919, -12.6487297], [-38.0674053, -12.6487548], [-38.0674763, -12.6487187], [-38.067464, -12.6486956], [-38.0674943, -12.6486802]]]}}, {"type": "Feature", "id": "955939811", "properties": {"highway": "footway"}, "geometry": {"type": "LineString", "coordinates": [[-38.067371, -12.6488188], [-38.0672986, -12.6486746], [-38.0672918, -12.6486324], [-38.0673084, -12.6485954], [-38.0673538, -12.6485614]]}}, {"type": "Feature", "id": "955939812", "properties": {"building": "allotment_house"}, "geometry": {"type": "Polygon", "coordinates": [[[-38.0675343, -12.6488309], [-38.0674655, -12.6488636], [-38.0674968, -12.6489263], [-38.0675657, -12.6488936], [-38.0675343, -12.6488309]]]}}, {"type": "Feature", "id": "955939813", "properties": {"highway": "footway"}, "geometry": {"type": "LineString", "coordinates": [[-38.0682066, -12.6488004], [-38.0681624, -12.6487735], [-38.0681251, -12.6487507]]}}, {"type": "Feature", "id": "955939815", "properties": {"highway": "footway"}, "geometry": {"type": "LineString", "coordinates": [[-38.0728206, -12.6488714], [-38.0727368, -12.6489537], [-38.0726774, -12.6490134], [-38.0726023, -12.6490882], [-38.0725219, -12.6491504], [-38.0723858, -12.6492485], [-38.0723463, -12.649277], [-38.0723299, -12.6492888], [-38.0722863, -12.6493159], [-38.0722085, -12.6493643], [-38.0720879, -12.6494442], [-38.0719779, -12.6494887], [-38.0718898, -12.6495175], [-38.0718406, -12.6495331], [-38.0717928, -12.6495443], [-38.0717368, -12.6495537], [-38.0716966, -12.6495537], [-38.0715823, -12.6495542], [-38.07153, -12.6495735], [-38.0714282, -12.6496254], [-38.0713717, -12.6496528], [-38.0711102, -12.6498], [-38.0709575, -12.6498996], [-38.0709433, -12.6499079], [-38.0708879, -12.649917], [-38.0708545, -12.649917], [-38.0708196, -12.6498925], [-38.0708013, -12.6498641], [-38.0707772, -12.6498267], [-38.0707509, -12.6497845], [-38.0707281, -12.6497448], [-38.0706979, -12.6497022], [-38.070643, -12.6496071], [-38.0705913, -12.6495276], [-38.0705056, -12.6493766], [-38.0702491, -12.6489672], [-38.0701665, -12.6488217], [-38.0701021, -12.6487296], [-38.0700485, -12.6486783], [-38.0699616, -12.648627], [-38.0697856, -12.6485181], [-38.0696, -12.6484082], [-38.0693468, -12.6482627], [-38.0691247, -12.6481318], [-38.0688436, -12.6479601], [-38.0685915, -12.6478104], [-38.0683221, -12.6476432], [-38.068261, -12.6476053], [-38.0680593, -12.6474849], [-38.0676785, -12.6472598], [-38.0674968, -12.6471471], [-38.0674611, -12.6471235], [-38.0674496, -12.6471048], [-38.0674649, -12.6470774], [-38.0674601, -12.64706], [-38.0673319, -12.6469828], [-38.0671016, -12.6468533], [-38.0669842, -12.6467942], [-38.0668891, -12.6467718], [-38.0667462, -12.6467581], [-38.0666633, -12.6467537], [-38.066618, -12.6467537], [-38.0665969, -12.6467749], [-38.0665708, -12.6467855], [-38.0664936, -12.6467842], [-38.0663695, -12.6467799], [-38.0662296, -12.646772], [-38.0659788, -12.6467597], [-38.0656477, -12.6467394], [-38.0652304, -12.6467152], [-38.0648171, -12.6466928], [-38.0645951, -12.6466729], [-38.0641166, -12.6466256], [-38.0637556, -12.646592], [-38.0637008, -12.6465881], [-38.0635482, -12.6465771], [-38.0630825, -12.6465457], [-38.0627149, -12.6465262], [-38.0625941, -12.6465211], [-38.0625064, -12.6465059], [-38.0624256, -12.6464711], [-38.0623621, -12.6464313], [-38.0622917, -12.6463711], [-38.06225, -12.646321], [-38.0621979, -12.6462354], [-38.0621153, -12.646082], [-38.0619251, -12.6457284], [-38.0617991, -12.6454834], [-38.0617799, -12.6454164], [-38.0617773, -12.6453299], [-38.0617912, -12.6452265], [-38.061819, -12.6451196], [-38.0618816, -12.644945], [-38.0619859, -12.6446289], [-38.0621175, -12.6443035], [-38.062149, -12.6442903], [-38.0621837, -12.644232], [-38.0622018, -12.6441849], [-38.0622173, -12.6441448], [-38.0622244, -12.6441263], [-38.0622831, -12.6439606], [-38.0622978, -12.6439038], [-38.0622874, -12.6438063], [-38.0622596, -12.6436681], [-38.0622266, -12.6435952], [-38.0620239, -12.6433046], [-38.0618932, -12.6431415], [-38.0617617, -12.6429426], [-38.0615349, -12.6426], [-38.0613368, -12.642288], [-38.0612221, -12.6421142], [-38.0610561, -12.6418565], [-38.0608615, -12.6415631], [-38.060679, -12.641302], [-38.060606, -12.6411748], [-38.0604487, -12.6409323], [-38.0602385, -12.6406169], [-38.0601403, -12.6404753], [-38.0599899, -12.6402464], [-38.0600177, -12.6400997], [-38.0600681, -12.6398775], [-38.0601125, -12.6396003], [-38.0601497, -12.6393515], [-38.0601613, -12.6392321], [-38.0601561, -12.6391415], [-38.0601254, -12.6390284], [-38.0600795, -12.638888], [-38.0600268, -12.6387788], [-38.0599699, -12.6386922], [-38.0598561, -12.6386325], [-38.0598177, -12.6386006]]}}, {"type": "Feature", "id": "955939816", "properties": {"highway": "footway"}, "geometry": {"type": "LineString", "coordinates": [[-38.0710017, -12.6499731], [-38.0709776, -12.6499313], [-38.0709575, -12.6498996]]}}, {"type": "Feature", "id": "955939817", "properties": {"highway": "footway"}, "geometry": {"type": "LineString", "coordinates": [[-38.0728206, -12.6488714], [-38.0728426, -12.6488476], [-38.0730214, -12.6486684], [-38.0732118, -12.6485056], [-38.0734481, -12.6483014], [-38.0735949, -12.6481513], [-38.0736445, -12.64811], [-38.0737302, -12.6480282]]}}, {"type": "Feature", "id": "955939818", "properties": {"highway": "footway"}, "geometry": {"type": "LineString", "coordinates": [[-38.0737302, -12.6480282], [-38.0737488, -12.6480134], [-38.0737835, -12.6479858]]}}, {"type": "Feature", "id": "955939819", "properties": {"highway": "footway"}, "geometry": {"type": "LineString", "coordinates": [[-38.0737835, -12.6479858], [-38.0739919, -12.6478591], [-38.0740309, -12.6478348], [-38.0741218, -12.6477781], [-38.074304, -12.6477121], [-38.0743815, -12.6476824], [-38.0744763, -12.6476461], [-38.0746938, -12.647573], [-38.074925, -12.6474913], [-38.0749698, -12.6474779], [-38.074979, -12.6474752], [-38.075236, -12.6473749], [-38.0754065, -12.6473186], [-38.0755499, -12.6472693], [-38.0755967, -12.6472556], [-38.0756221, -12.6472482], [-38.0756584, -12.6472241], [-38.0756781, -12.6471463]]}}, {"type": "Feature", "id": "955939821", "properties": {"highway": "footway"}, "geometry": {"type": "LineString", "coordinates": [[-38.0759987, -12.6471601], [-38.0759901, -12.6471269], [-38.0759836, -12.6470855], [-38.0759785, -12.6470606], [-38.0759625, -12.6470438], [-38.0759408, -12.6470239], [-38.075916, -12.6469965], [-38.0759019, -12.646976], [-38.0758911, -12.6469536], [-38.0758898, -12.6469324], [-38.0759026, -12.6469175], [-38.0759249, -12.6469125], [-38.0759574, -12.6469088], [-38.0759989, -12.6469069], [-38.076055, -12.6469081]]}}, {"type": "Feature", "id": "955939822", "properties": {"highway": "footway"}, "geometry": {"type": "LineString", "coordinates": [[-38.0759026, -12.6469175], [-38.0758293, -12.6469166], [-38.0758142, -12.6469164], [-38.0757488, -12.6469157]]}}, {"type": "Feature", "id": "955939823", "properties": {"highway": "footway"}, "geometry": {"type": "LineString", "coordinates": [[-38.075446, -12.6468288], [-38.0754456, -12.6468628], [-38.0754456, -12.6468972]]}}, {"type": "Feature", "id": "955939824", "properties": {"highway": "footway"}, "geometry": {"type": "LineString", "coordinates": [[-38.0759987, -12.6471601], [-38.0760023, -12.647204], [-38.0760171, -12.6472374], [-38.076055, -12.6472552], [-38.0760595, -12.6472573], [-38.0760988, -12.6472687], [-38.0762057, -12.6472863], [-38.0763239, -12.6473026], [-38.0764511, -12.6473206], [-38.076581, -12.6473382], [-38.0767055, -12.6473541], [-38.0768092, -12.6473673], [-38.076936, -12.6473845], [-38.0771119, -12.6474069], [-38.0771976, -12.6474201], [-38.077286, -12.6474241], [-38.0773758, -12.6474245], [-38.0774741, -12.6474223], [-38.077539, -12.647412], [-38.0776345, -12.6473902]]}}, {"type": "Feature", "id": "955939825", "properties": {"highway": "footway"}, "geometry": {"type": "LineString", "coordinates": [[-38.0766535, -12.6452343], [-38.076497, -12.6453709], [-38.075865, -12.6447758], [-38.0757879, -12.6447007], [-38.0757538, -12.6446672], [-38.0756473, -12.6445628], [-38.0754468, -12.6443605], [-38.0754368, -12.644351], [-38.0753783, -12.6444053], [-38.0753672, -12.6444073], [-38.0752365, -12.6442747], [-38.0751879, -12.6442246], [-38.0751392, -12.6441711], [-38.0751303, -12.6441634], [-38.0750705, -12.6441063], [-38.0751212, -12.644059], [-38.0750053, -12.6439381], [-38.075094, -12.6438488]]}}, {"type": "Feature", "id": "955939826", "properties": {"highway": "footway"}, "geometry": {"type": "LineString", "coordinates": [[-38.076055, -12.6472552], [-38.0759806, -12.6472751], [-38.0759593, -12.6472808], [-38.075878, -12.6472789], [-38.0757856, -12.6472757], [-38.0756855, -12.6472718], [-38.0756737, -12.6472714], [-38.0755967, -12.6472556]]}}, {"type": "Feature", "id": "955940561", "properties": {"highway": "footway"}, "geometry": {"type": "LineString", "coordinates": [[-38.0753848, -12.6532934], [-38.0754706, -12.653199], [-38.0754747, -12.6531515], [-38.0754538, -12.6530988], [-38.0753742, -12.653045], [-38.0752277, -12.6529695], [-38.0750957, -12.6528943], [-38.0750581, -12.6528805], [-38.0750173, -12.652867], [-38.0749658, -12.6528442], [-38.0749142, -12.6528612], [-38.0748849, -12.6528923], [-38.0748752, -12.652905], [-38.0747833, -12.6530256]]}}, {"type": "Feature", "id": "955940562", "properties": {"highway": "footway"}, "geometry": {"type": "LineString", "coordinates": [[-38.0752277, -12.6529695], [-38.075273, -12.6528888]]}}, {"type": "Feature", "id": "955940563", "properties": {"highway": "footway"}, "geometry": {"type": "LineString", "coordinates": [[-38.0750581, -12.6528805], [-38.0750378, -12.6529192], [-38.0750143, -12.652954], [-38.0749915, -12.6529925], [-38.0749938, -12.6530391], [-38.0750166, -12.653126]]}}, {"type": "Feature", "id": "956280439", "properties": {"highway": "residential", "name": "Rua A"}, "geometry": {"type": "LineString", "coordinates": [[-38.0784823, -12.6497501], [-38.0777811, -12.6491162], [-38.077004, -12.648462], [-38.0767923, -12.6482914], [-38.0767232, -12.6482377], [-38.0759597, -12.6476271]]}}, {"type": "Feature", "id": "956280440", "properties": {"highway": "residential", "name": "Rua A"}, "geometry": {"type": "LineString", "coordinates": [[-38.0772925, -12.6475723], [-38.0774696, -12.6476307], [-38.0775974, -12.6476729], [-38.0776772, -12.6477148], [-38.0777349, -12.6477527], [-38.0777841, -12.6477923]]}}, {"type": "Feature", "id": "956280441", "properties": {"leisure": "swimming_pool"}, "geometry": {"type": "Polygon", "coordinates": [[[-38.0767748, -12.6487773], [-38.0767378, -12.6487555], [-38.0767054, -12.6487347], [-38.0766908, -12.6487085], [-38.0766852, -12.6486899], [-38.0766393, -12.6486943], [-38.0766505, -12.6486757], [-38.0766505, -12.6486615], [-38.0766404, -12.6486571], [-38.0766292, -12.648656], [-38.0766146, -12.6486757], [-38.0765956, -12.6486462], [-38.0765799, -12.6486451], [-38.0765631, -12.6486495], [-38.0765418, -12.648679], [-38.0765474, -12.6487096], [-38.0765564, -12.6487325], [-38.0765754, -12.6487402], [-38.0765911, -12.6487259], [-38.0766404, -12.6487806], [-38.0766628, -12.6487773], [-38.0766886, -12.648797], [-38.0766998, -12.6488166], [-38.0767154, -12.6488385], [-38.0767434, -12.6488451], [-38.076767, -12.6488429], [-38.0767838, -12.6488254], [-38.0767871, -12.6487992], [-38.0767748, -12.6487773]]]}}, {"type": "Feature", "id": "956280442", "properties": {"leisure": "swimming_pool"}, "geometry": {"type": "Polygon", "coordinates": [[[-38.0766758, -12.6488525], [-38.0766699, -12.6488581], [-38.0766624, -12.6488616], [-38.0766541, -12.6488625], [-38.076646, -12.6488608], [-38.0766389, -12.6488566], [-38.0766336, -12.6488504], [-38.0766306, -12.6488429], [-38.0766302, -12.6488348], [-38.0766325, -12.6488271], [-38.0766373, -12.6488204], [-38.076644, -12.6488157], [-38.0766519, -12.6488132], [-38.0766602, -12.6488134], [-38.0766682, -12.6488164], [-38.0766748, -12.6488218], [-38.0766791, -12.648829], [-38.0766808, -12.6488373], [-38.0766796, -12.6488453], [-38.0766758, -12.6488525]]]}}, {"type": "Feature", "id": "956280443", "properties": {"highway": "service"}, "geometry": {"type": "LineString", "coordinates": [[-38.0766365, -12.6483407], [-38.0766692, -12.6483018], [-38.0767232, -12.6482377]]}}, {"type": "Feature", "id": "956280444", "properties": {"highway": "service"}, "geometry": {"type": "LineString", "coordinates": [[-38.0767923, -12.6482914], [-38.0767369, -12.6483536], [-38.0766998, -12.6483953]]}}, {"type": "Feature", "id": "956280445", "properties": {"highway": "service"}, "geometry": {"type": "LineString", "coordinates": [[-38.0761857, -12.647952], [-38.0766365, -12.6483407], [-38.0766998, -12.6483953], [-38.076746, -12.6484323], [-38.0771847, -12.6487834], [-38.0769491, -12.6490879]]}}, {"type": "Feature", "id": "956280446", "properties": {"landuse": "grass"}, "geometry": {"type": "Polygon", "coordinates": [[[-38.0760587, -12.6481457], [-38.075908, -12.6483082], [-38.0758474, -12.6483736], [-38.0763182, -12.6490306], [-38.0763837, -12.6491516], [-38.0763944, -12.6491377], [-38.0764127, -12.6491138], [-38.076434, -12.6489957], [-38.0764835, -12.6489447], [-38.0765473, -12.6489553], [-38.0766086, -12.6490023], [-38.0766215, -12.6491058], [-38.076652, -12.6491403], [-38.0766914, -12.6491543], [-38.0767388, -12.6491551], [-38.0767771, -12.649121], [-38.0768539, -12.6490829], [-38.0764629, -12.6487151], [-38.0765617, -12.6485967], [-38.0760587, -12.6481457]]]}}, {"type": "Feature", "id": "956280447", "properties": {"highway": "footway"}, "geometry": {"type": "LineString", "coordinates": [[-38.076746, -12.6484323], [-38.0765894, -12.6486119]]}}, {"type": "Feature", "id": "956418748", "properties": {"leisure": "pitch"}, "geometry": {"type": "Polygon", "coordinates": [[[-38.0679591, -12.6489202], [-38.0678386, -12.6488546], [-38.067691, -12.6491128], [-38.0678116, -12.6491784], [-38.0679591, -12.6489202]]]}}, {"type": "Feature", "id": "956965194", "properties": {"highway": "tertiary", "name": "Alameda Humaitá"}, "geometry": {"type": "LineString", "coordinates": [[-38.0776537, -12.6475491], [-38.0775963, -12.6475588], [-38.0774534, -12.6475717], [-38.0772925, -12.6475723], [-38.0770853, -12.647556], [-38.076695, -12.6475028], [-38.0760712, -12.6474188], [-38.0759044, -12.6474124], [-38.075819, -12.6474129], [-38.0757555, -12.6474078]]}}, {"type": "Feature", "id": "956965195", "properties": {"highway": "tertiary", "name": "Alameda Humaitá"}, "geometry": {"type": "LineString", "coordinates": [[-38.071779, -12.6499256], [-38.0716271, -12.6500487], [-38.0715629, -12.6500903], [-38.0714121, -12.6501751], [-38.071323, -12.650222], [-38.0711916, -12.6503009], [-38.071159, -12.6503214], [-38.0707651, -12.650557]]}}, {"type": "Feature", "id": "956965196", "properties": {"highway": "residential"}, "geometry": {"type": "LineString", "coordinates": [[-38.0797218, -12.6482509], [-38.0791403, -12.6489252]]}}, {"type": "Feature", "id": "956965197", "properties": {"highway": "residential", "name": "Rua A"}, "geometry": {"type": "LineString", "coordinates": [[-38.0777841, -12.6477923], [-38.0791403, -12.6489252]]}}, {"type": "Feature", "id": "956965198", "properties": {"highway": "residential"}, "geometry": {"type": "LineString", "coordinates": [[-38.0784823, -12.6497501], [-38.0781358, -12.6501153]]}}, {"type": "Feature", "id": "956965199", "properties": {"highway": "tertiary", "name": "Alameda Monte das Dunas"}, "geometry": {"type": "LineString", "coordinates": [[-38.0785223, -12.6470049], [-38.0783676, -12.6468534], [-38.0777632, -12.6462612]]}}, {"type": "Feature", "id": "956967572", "properties": {"highway": "footway"}, "geometry": {"type": "LineString", "coordinates": [[-38.0788092, -12.6470606], [-38.0786459, -12.6469012], [-38.078588, -12.6469324], [-38.0785541, -12.6469438], [-38.0785355, -12.646951], [-38.0784031, -12.6468179]]}}, {"type": "Feature", "id": "956967573", "properties": {"highway": "footway"}, "geometry": {"type": "LineString", "coordinates": [[-38.079745, -12.6469658], [-38.0797103, -12.6469278], [-38.0796983, -12.646909]]}}, {"type": "Feature", "id": "956967574", "properties": {"highway": "tertiary"}, "geometry": {"type": "LineString", "coordinates": [[-38.0786369, -12.6470993], [-38.0787093, -12.6472181]]}}, {"type": "Feature", "id": "968581329", "properties": {"highway": "trunk_link"}, "geometry": {"type": "LineString", "coordinates": [[-38.0802213, -12.6481126], [-38.0795444, -12.6476914], [-38.0793461, -12.6475875], [-38.0791403, -12.6475178], [-38.0789664, -12.6474687], [-38.0789489, -12.6474638], [-38.0787737, -12.6474338], [-38.0786625, -12.6474188]]}}, {"type": "Feature", "id": "991361475", "properties": {"highway": "footway"}, "geometry": {"type": "LineString", "coordinates": [[-38.0779501, -12.6472706], [-38.0781727, -12.6472154], [-38.0782983, -12.647192], [-38.0784024, -12.6471797], [-38.0784669, -12.6471689], [-38.078501, -12.6471391], [-38.0785053, -12.6471113], [-38.078492, -12.6470748], [-38.0784837, -12.6470592], [-38.0783696, -12.6469439], [-38.0783244, -12.6468975], [-38.0779933, -12.6465581], [-38.0777546, -12.6463364]]}}, {"type": "Feature", "id": "991361476", "properties": {"highway": "footway"}, "geometry": {"type": "LineString", "coordinates": [[-38.0777546, -12.6463364], [-38.0776898, -12.6462763]]}}, {"type": "Feature", "id": "991361478", "properties": {"landuse": "grass"}, "geometry": {"type": "Polygon", "coordinates": [[[-38.0786629, -12.6473678], [-38.0786844, -12.6473333], [-38.0786926, -12.6473063], [-38.0786843, -12.6472738], [-38.0786454, -12.647247], [-38.0786014, -12.6472167], [-38.0785568, -12.6472092], [-38.0785212, -12.6472104], [-38.0784689, -12.6472257], [-38.0784123, -12.6472378], [-38.0783621, -12.6472481], [-38.078309, -12.647255], [-38.0782866, -12.6472581], [-38.0782815, -12.6472759], [-38.078279, -12.6472948], [-38.0782819, -12.6473366], [-38.0782865, -12.6473671], [-38.0783004, -12.6473884], [-38.0783111, -12.6474067], [-38.0783447, -12.6474021], [-38.0783794, -12.647399], [-38.0785372, -12.6473979], [-38.0786073, -12.6473909], [-38.0786439, -12.6473852], [-38.0786629, -12.6473678]]]}}, {"type": "Feature", "id": "991361479", "properties": {"landuse": "grass"}, "geometry": {"type": "Polygon", "coordinates": [[[-38.0793743, -12.6471632], [-38.0793935, -12.6471083], [-38.0794415, -12.6470559], [-38.0794778, -12.6470159], [-38.079543, -12.6469692], [-38.0796005, -12.6469435], [-38.0796542, -12.6469248], [-38.0796983, -12.646909], [-38.0798114, -12.6468684], [-38.0798903, -12.6468358], [-38.0798034, -12.6468536], [-38.0797078, -12.6468739], [-38.0796809, -12.646877], [-38.0795634, -12.6468906], [-38.0794393, -12.6468897], [-38.0792999, -12.6468816], [-38.0792291, -12.6468686], [-38.0791077, -12.6468353], [-38.0789583, -12.6467764], [-38.0788551, -12.6467277], [-38.0789477, -12.646813], [-38.0790311, -12.6468818], [-38.0791242, -12.6469249], [-38.0791922, -12.6469692], [-38.0792577, -12.6470214], [-38.0793142, -12.647082], [-38.0793743, -12.6471632]]]}}, {"type": "Feature", "id": "991364175", "properties": {"landuse": "grass"}, "geometry": {"type": "Polygon", "coordinates": [[[-38.0797738, -12.6477717], [-38.0796285, -12.647644], [-38.0794355, -12.6474816], [-38.079327, -12.6473881], [-38.0792616, -12.6473379], [-38.0792012, -12.6473058], [-38.0790421, -12.6471921], [-38.0788021, -12.6469768], [-38.0787289, -12.6469139], [-38.0786836, -12.6468802], [-38.0786511, -12.6468598], [-38.0785937, -12.6468238], [-38.078574, -12.6468203], [-38.0785759, -12.6468458], [-38.0786017, -12.6468919], [-38.0787059, -12.6470248], [-38.0787961, -12.647107], [-38.0788673, -12.6471671], [-38.0789422, -12.6472398], [-38.0790311, -12.6473075], [-38.0791228, -12.6473895], [-38.0792303, -12.647467], [-38.079329, -12.6475398], [-38.0794535, -12.6475935], [-38.0796114, -12.6476754], [-38.0797738, -12.6477717]]]}}, {"type": "Feature", "id": "991364176", "properties": {"landuse": "grass"}, "geometry": {"type": "Polygon", "coordinates": [[[-38.0787571, -12.647174], [-38.0786489, -12.647044], [-38.0786161, -12.6470118], [-38.0785541, -12.6469438], [-38.0785059, -12.6468556], [-38.0784527, -12.6467934], [-38.0783639, -12.6466908], [-38.0783552, -12.6466805], [-38.0783201, -12.6466388], [-38.0782482, -12.6465743], [-38.078203, -12.6465262], [-38.0781449, -12.6464544], [-38.0780626, -12.6463692], [-38.0779827, -12.6462974], [-38.0778917, -12.6461999], [-38.077786, -12.6460927], [-38.0776889, -12.6459991], [-38.0776353, -12.6459914], [-38.0776037, -12.6459978], [-38.0775939, -12.6460071], [-38.0775862, -12.6460144], [-38.0775956, -12.6460482], [-38.0776326, -12.6460856], [-38.0777054, -12.6461557], [-38.0778907, -12.646337], [-38.0780813, -12.6465282], [-38.0781961, -12.6466422], [-38.0783143, -12.6467559], [-38.0783894, -12.6468304], [-38.0784322, -12.6468728], [-38.0785499, -12.6469843], [-38.0786544, -12.64709], [-38.0787443, -12.6472054], [-38.078763, -12.6472519], [-38.0787707, -12.6473156], [-38.0787648, -12.647355], [-38.0787189, -12.6474004], [-38.0787883, -12.6474055], [-38.0788487, -12.6474149], [-38.078938, -12.6474316], [-38.078971, -12.6474416], [-38.0791743, -12.6475036], [-38.0790934, -12.6474424], [-38.0790301, -12.6474112], [-38.0789661, -12.64737], [-38.0788889, -12.6472968], [-38.0788301, -12.6472416], [-38.0787571, -12.647174]]]}}, {"type": "Feature", "id": "992048054", "properties": {"landuse": "grass"}, "geometry": {"type": "Polygon", "coordinates": [[[-38.0771709, -12.6455874], [-38.0771938, -12.6455793], [-38.0772072, -12.6455612], [-38.0772053, -12.6455351], [-38.0771862, -12.6454922], [-38.0771147, -12.6454168], [-38.0768959, -12.6451911], [-38.0768462, -12.6451398], [-38.0767862, -12.6450801], [-38.0767524, -12.6450564], [-38.0767199, -12.6450558], [-38.0766892, -12.645067], [-38.0766797, -12.6450888], [-38.0766816, -12.6451181], [-38.0766969, -12.6451479], [-38.076753, -12.6451965], [-38.0770065, -12.6454519], [-38.0770446, -12.6454903], [-38.0771104, -12.6455594], [-38.0771709, -12.6455874]]]}}, {"type": "Feature", "id": "992048061", "properties": {"highway": "residential", "name": "Avenida Guaricema"}, "geometry": {"type": "LineString", "coordinates": [[-38.0714306, -12.6504615], [-38.0713877, -12.6504065], [-38.0713499, -12.6503762], [-38.0713211, -12.6503545], [-38.0712902, -12.6503353], [-38.0712604, -12.6503179], [-38.0712279, -12.6503084], [-38.0711916, -12.6503009]]}}, {"type": "Feature", "id": "992048062", "properties": {"highway": "residential", "name": "Avenida Guaricema"}, "geometry": {"type": "LineString", "coordinates": [[-38.0714121, -12.6501751], [-38.0713997, -12.6502165], [-38.0713899, -12.6502498], [-38.071387, -12.6502678], [-38.0713855, -12.6502775], [-38.0713859, -12.6503226], [-38.0713967, -12.6503593], [-38.071413, -12.6503876], [-38.0714482, -12.6504477], [-38.0714672, -12.6504929], [-38.0714883, -12.6505442]]}}, {"type": "Feature", "id": "992048064", "properties": {"highway": "residential", "name": "Avenida Guaricema"}, "geometry": {"type": "LineString", "coordinates": [[-38.0715629, -12.6500903], [-38.0714973, -12.6501644], [-38.0714754, -12.6502036], [-38.0714705, -12.6502125], [-38.0714544, -12.6502596], [-38.0714523, -12.6503099], [-38.0714496, -12.650369], [-38.0714482, -12.6504477]]}}, {"type": "Feature", "id": "992051035", "properties": {"building": "yes", "name": "Hiperideal Guarajuba"}, "geometry": {"type": "Polygon", "coordinates": [[[-38.0772076, -12.6458547], [-38.0771269, -12.6459306], [-38.0771803, -12.6459847], [-38.0770069, -12.6461477], [-38.0769651, -12.6461054], [-38.0769489, -12.6461206], [-38.0766481, -12.6458161], [-38.0766894, -12.6457773], [-38.0766623, -12.6457498], [-38.0768408, -12.6455821], [-38.0768624, -12.6456039], [-38.0768813, -12.6455861], [-38.0769156, -12.6456208], [-38.0769473, -12.645591], [-38.0772076, -12.6458547]]]}}, {"type": "Feature", "id": "992055190", "properties": {"building": "house"}, "geometry": {"type": "Polygon", "coordinates": [[[-38.0753697, -12.6457942], [-38.0754573, -12.6457952], [-38.0754575, -12.6457752], [-38.0755008, -12.6457757], [-38.0755023, -12.6456486], [-38.0754539, -12.6456481], [-38.0754546, -12.6455837], [-38.0753721, -12.6455829], [-38.0753697, -12.6457942]]]}}, {"type": "Feature", "id": "992055191", "properties": {"building": "house"}, "geometry": {"type": "Polygon", "coordinates": [[[-38.0752278, -12.6458122], [-38.0753279, -12.6458134], [-38.0753283, -12.6457799], [-38.0753482, -12.6457801], [-38.0753495, -12.6456723], [-38.0752579, -12.6456713], [-38.0752575, -12.6457], [-38.0752138, -12.6456995], [-38.0752128, -12.6457824], [-38.0752281, -12.6457826], [-38.0752278, -12.6458122]]]}}, {"type": "Feature", "id": "1006810121", "properties": {"highway": "residential", "name": "Avenida Guaricema"}, "geometry": {"type": "LineString", "coordinates": [[-38.0714883, -12.6505442], [-38.0714564, -12.6504984], [-38.0714306, -12.6504615]]}}, {"type": "Feature", "id": "1006810122", "properties": {"building": "guardhouse", "name": "Portaria Condomínio Paraíso"}, "geometry": {"type": "Polygon", "coordinates": [[[-38.0714006, -12.6505186], [-38.0715184, -12.6504464], [-38.0714793, -12.6503856], [-38.0713614, -12.6504579], [-38.0714006, -12.6505186]]]}}, {"type": "Feature", "id": "1018636122", "properties": {"highway": "footway"}, "geometry": {"type": "LineString", "coordinates": [[-38.0709439, -12.6539705], [-38.0706047, -12.6538495], [-38.070206, -12.6536797], [-38.0699576, -12.6535478], [-38.0697504, -12.6533991], [-38.0692361, -12.6528801], [-38.0689624, -12.6525092], [-38.0688171, -12.6522372], [-38.0687423, -12.6522403], [-38.0686938, -12.6522116], [-38.0686469, -12.6521534], [-38.0686429, -12.6521317], [-38.0686748, -12.6520804], [-38.0687218, -12.6519726]]}}, {"type": "Feature", "id": "1018636123", "properties": {"highway": "service"}, "geometry": {"type": "LineString", "coordinates": [[-38.0730361, -12.6542193], [-38.0729776, -12.6541981], [-38.0729617, -12.6542], [-38.0729212, -12.6542048], [-38.0725929, -12.6543794]]}}, {"type": "Feature", "id": "1018636124", "properties": {"highway": "service"}, "geometry": {"type": "LineString", "coordinates": [[-38.0731611, -12.6543891], [-38.0731505, -12.6547671]]}}, {"type": "Feature", "id": "1088614709", "properties": {"highway": "residential", "name": "Rua Principal do Lago"}, "geometry": {"type": "LineString", "coordinates": [[-38.0750942, -12.646859], [-38.0750299, -12.6468492], [-38.0750175, -12.6468436], [-38.0749912, -12.6468318], [-38.0749561, -12.6468073], [-38.0747179, -12.6465252], [-38.0743873, -12.6461338]]}}, {"type": "Feature", "id": "1088615511", "properties": {"highway": "residential", "name": "Rua Balneário do Lago"}, "geometry": {"type": "LineString", "coordinates": [[-38.0725121, -12.6452197], [-38.0725569, -12.6452076], [-38.0726695, -12.6450971], [-38.07299, -12.6447718], [-38.0730397, -12.6446998], [-38.0730611, -12.6446043], [-38.0730669, -12.6442247], [-38.0730752, -12.6439829]]}}, {"type": "Feature", "id": "1096987876", "properties": {"leisure": "pitch"}, "geometry": {"type": "Polygon", "coordinates": [[[-38.0661427, -12.6464218], [-38.0661313, -12.646643], [-38.0656706, -12.6466204], [-38.0656819, -12.6463992], [-38.0661427, -12.6464218]]]}}, {"type": "Feature", "id": "1096987877", "properties": {"leisure": "pitch"}, "geometry": {"type": "Polygon", "coordinates": [[[-38.0754323, -12.6522618], [-38.0752287, -12.6527787], [-38.074833, -12.6526303], [-38.0750366, -12.6521135], [-38.0754323, -12.6522618]]]}}, {"type": "Feature", "id": "1096987878", "properties": {"building": "yes"}, "geometry": {"type": "Polygon", "coordinates": [[[-38.0743619, -12.6527298], [-38.0742856, -12.6526979], [-38.0742762, -12.6527193], [-38.0742247, -12.6526978], [-38.0742157, -12.6527183], [-38.0741789, -12.6527029], [-38.0741562, -12.6527548], [-38.0741791, -12.6527643], [-38.074159, -12.6528102], [-38.0743006, -12.6528693], [-38.0743619, -12.6527298]]]}}, {"type": "Feature", "id": "1096987879", "properties": {"building": "yes"}, "geometry": {"type": "Polygon", "coordinates": [[[-38.0747868, -12.6539638], [-38.0747567, -12.6540052], [-38.0747178, -12.6539983], [-38.0746169, -12.6539154], [-38.0746116, -12.6538774], [-38.0746382, -12.6538412], [-38.0746842, -12.6538515], [-38.0747727, -12.6539258], [-38.0747868, -12.6539638]]]}}, {"type": "Feature", "id": "1096987880", "properties": {"building": "yes"}, "geometry": {"type": "Polygon", "coordinates": [[[-38.0767106, -12.6537286], [-38.0766483, -12.6537014], [-38.0766411, -12.6537171], [-38.0766019, -12.6536999], [-38.0765873, -12.6537317], [-38.0765619, -12.6537206], [-38.0765338, -12.6537816], [-38.0765551, -12.6537909], [-38.0765368, -12.6538307], [-38.0765714, -12.6538458], [-38.0765605, -12.6538695], [-38.0766221, -12.6538965], [-38.0766327, -12.6538853], [-38.0766719, -12.6539024], [-38.0766894, -12.6538643], [-38.0767084, -12.6538726], [-38.0767369, -12.6538106], [-38.0767211, -12.6538037], [-38.0767387, -12.6537653], [-38.0767013, -12.6537489], [-38.0767106, -12.6537286]]]}}, {"type": "Feature", "id": "1098430331", "properties": {"leisure": "pitch"}, "geometry": {"type": "Polygon", "coordinates": [[[-38.0761099, -12.6529635], [-38.0759891, -12.6528579], [-38.0758324, -12.6530285], [-38.0759532, -12.6531341], [-38.0761099, -12.6529635]]]}}, {"type": "Feature", "id": "1098430332", "properties": {"leisure": "pitch"}, "geometry": {"type": "Polygon", "coordinates": [[[-38.0757457, -12.6528726], [-38.0758757, -12.652547], [-38.0757245, -12.6524895], [-38.0755945, -12.6528151], [-38.0757457, -12.6528726]]]}}, {"type": "Feature", "id": "1098430333", "properties": {"building": "yes"}, "geometry": {"type": "Polygon", "coordinates": [[[-38.0754304, -12.6524874], [-38.0754406, -12.6524944], [-38.075448, -12.6525042], [-38.0754519, -12.6525157], [-38.0754519, -12.6525279], [-38.0754481, -12.6525395], [-38.0754408, -12.6525493], [-38.0754296, -12.6525569], [-38.0754165, -12.6525604], [-38.0754029, -12.6525593], [-38.0753905, -12.6525537], [-38.0753807, -12.6525444], [-38.0753748, -12.6525324], [-38.0753735, -12.6525192], [-38.0753768, -12.6525063], [-38.0753843, -12.6524953], [-38.0753943, -12.6524879], [-38.0754061, -12.652484], [-38.0754185, -12.6524838], [-38.0754304, -12.6524874]]]}}, {"type": "Feature", "id": "1098430334", "properties": {"building": "yes"}, "geometry": {"type": "Polygon", "coordinates": [[[-38.0743336, -12.652339], [-38.0742939, -12.6524463], [-38.074154, -12.6523971], [-38.0741937, -12.6522897], [-38.0743336, -12.652339]]]}}, {"type": "Feature", "id": "1135559928", "properties": {"highway": "tertiary", "name": "Alameda Humaitá"}, "geometry": {"type": "LineString", "coordinates": [[-38.0705533, -12.6501719], [-38.0706834, -12.6500967], [-38.0708318, -12.6500082]]}}, {"type": "Feature", "id": "1135559929", "properties": {"highway": "tertiary", "name": "Alameda Humaitá"}, "geometry": {"type": "LineString", "coordinates": [[-38.0719811, -12.64968], [-38.0719275, -12.6497552], [-38.0718798, -12.6498214], [-38.0718324, -12.6498738], [-38.071779, -12.6499256]]}}, {"type": "Feature", "id": "1135559930", "properties": {"highway": "tertiary", "name": "Alameda Humaitá"}, "geometry": {"type": "LineString", "coordinates": [[-38.0708318, -12.6500082], [-38.0709776, -12.6499313], [-38.0712407, -12.6497717], [-38.0713684, -12.6496942]]}}, {"type": "Feature", "id": "1135559933", "properties": {"highway": "footway"}, "geometry": {"type": "Polygon", "coordinates": [[[-38.0710017, -12.6499731], [-38.0712678, -12.6498141], [-38.0713404, -12.6497704], [-38.0713817, -12.6497488], [-38.0714264, -12.6497257], [-38.0714686, -12.6497129], [-38.0715131, -12.6497161], [-38.0715547, -12.6497375], [-38.0715849, -12.6497794], [-38.0716073, -12.6498269], [-38.0716207, -12.6498781], [-38.0716231, -12.649915], [-38.0716228, -12.6499436], [-38.0716028, -12.6500001], [-38.0715603, -12.6500449], [-38.0711745, -12.6502702], [-38.0711397, -12.6502905], [-38.0710262, -12.6503554], [-38.0708007, -12.6504845], [-38.0705122, -12.65065], [-38.0703931, -12.6507165], [-38.0700565, -12.6509047], [-38.0699684, -12.6509279], [-38.0699078, -12.6509304], [-38.0698671, -12.650926], [-38.0698271, -12.6508934], [-38.0698051, -12.6508662], [-38.0697893, -12.6508219], [-38.0697847, -12.6507911], [-38.0697837, -12.6507583], [-38.0697903, -12.6507273], [-38.0698109, -12.6506952], [-38.0698392, -12.6506632], [-38.0698758, -12.6506346], [-38.0699281, -12.6506015], [-38.0701715, -12.650459], [-38.0703278, -12.6503676], [-38.0706808, -12.6501609], [-38.070893, -12.6500357], [-38.0709577, -12.6499975], [-38.0710017, -12.6499731]]]}}, {"type": "Feature", "id": "1135559934", "properties": {"highway": "footway"}, "geometry": {"type": "LineString", "coordinates": [[-38.0711991, -12.6503966], [-38.071159, -12.6503214], [-38.0711397, -12.6502905]]}}, {"type": "Feature", "id": "1135559954", "properties": {"highway": "footway"}, "geometry": {"type": "LineString", "coordinates": [[-38.0715295, -12.650174], [-38.0715028, -12.6502164], [-38.0714767, -12.6502594], [-38.0714719, -12.6503008], [-38.0714759, -12.6503419], [-38.071497, -12.6503988], [-38.0715271, -12.6504502], [-38.0715191, -12.6505061], [-38.0715224, -12.6505253], [-38.0715287, -12.6505479], [-38.0715665, -12.6506121], [-38.0716268, -12.6507073], [-38.0716594, -12.6507321], [-38.0716952, -12.6507348], [-38.0717311, -12.6507119], [-38.0718414, -12.6506258], [-38.0719132, -12.6505652], [-38.0719435, -12.650543], [-38.0719856, -12.6505316], [-38.0720249, -12.6505303], [-38.0720718, -12.6505323], [-38.0721228, -12.6505639], [-38.0721608, -12.650613], [-38.0722201, -12.6507463], [-38.0723021, -12.6509118], [-38.0723346, -12.6509778], [-38.0723801, -12.6510121], [-38.0724525, -12.6510612], [-38.0725823, -12.6511395], [-38.0727954, -12.6512787], [-38.0730605, -12.6514376], [-38.0731102, -12.6514673]]}}, {"type": "Feature", "id": "1135559955", "properties": {"highway": "footway"}, "geometry": {"type": "LineString", "coordinates": [[-38.0715224, -12.6505253], [-38.0714883, -12.6505442], [-38.0714345, -12.6505751]]}}, {"type": "Feature", "id": "1135559956", "properties": {"highway": "footway"}, "geometry": {"type": "LineString", "coordinates": [[-38.0714345, -12.6505751], [-38.0714117, -12.6505416], [-38.0713947, -12.6505201], [-38.0713703, -12.6504828], [-38.071351, -12.6504464], [-38.0713197, -12.6504109], [-38.0712907, -12.6503871], [-38.071258, -12.6503786], [-38.0712285, -12.6503831], [-38.0711991, -12.6503966], [-38.0711678, -12.6504159], [-38.0711272, -12.6504413], [-38.0710439, -12.6504936], [-38.0709652, -12.6505353], [-38.0708617, -12.6505915], [-38.0707701, -12.6506463], [-38.0706301, -12.6507298], [-38.0704584, -12.6508327], [-38.0701856, -12.6509947], [-38.0698777, -12.6511641], [-38.0696535, -12.6512921], [-38.0696123, -12.651318], [-38.0694416, -12.6514252], [-38.0693621, -12.6514722], [-38.0693527, -12.6514777], [-38.0692349, -12.6515482], [-38.0691822, -12.6515906], [-38.0691219, -12.6516297], [-38.0690579, -12.6516519]]}}, {"type": "Feature", "id": "1135559957", "properties": {"highway": "footway"}, "geometry": {"type": "LineString", "coordinates": [[-38.0688592, -12.6520322], [-38.0687896, -12.6520591], [-38.0687109, -12.6520827], [-38.0686748, -12.6520804]]}}, {"type": "Feature", "id": "1135559958", "properties": {"highway": "footway"}, "geometry": {"type": "Polygon", "coordinates": [[[-38.0697479, -12.6510931], [-38.0695003, -12.6512437], [-38.0692575, -12.6513912], [-38.069206, -12.6514148], [-38.0691569, -12.6514199], [-38.0691013, -12.6514076], [-38.0690613, -12.6513699], [-38.0690261, -12.6513227], [-38.0690015, -12.6512727], [-38.0689887, -12.6512204], [-38.068985, -12.6511695], [-38.0690052, -12.6511236], [-38.0690413, -12.6510867], [-38.0692083, -12.6509921], [-38.0695662, -12.6507895], [-38.0696626, -12.6509506], [-38.0697479, -12.6510931]]]}}, {"type": "Feature", "id": "1135568233", "properties": {"highway": "footway"}, "geometry": {"type": "LineString", "coordinates": [[-38.070643, -12.6496071], [-38.0705931, -12.6496369], [-38.0705371, -12.6496704]]}}, {"type": "Feature", "id": "1135568234", "properties": {"highway": "footway"}, "geometry": {"type": "LineString", "coordinates": [[-38.0708545, -12.649917], [-38.0707962, -12.6499509], [-38.0707169, -12.6499969]]}}, {"type": "Feature", "id": "1135568235", "properties": {"highway": "footway"}, "geometry": {"type": "LineString", "coordinates": [[-38.0705371, -12.6496704], [-38.0706224, -12.6498051], [-38.070663, -12.6498735], [-38.0706942, -12.6499276], [-38.0707094, -12.6499539], [-38.0707169, -12.6499969], [-38.0707124, -12.6500296], [-38.0706804, -12.6500614], [-38.0706654, -12.6500707], [-38.0706236, -12.6500967], [-38.0704485, -12.6501974], [-38.0703092, -12.650276], [-38.0701931, -12.6503423], [-38.0699806, -12.6504638], [-38.0697613, -12.6505893], [-38.0694771, -12.650752], [-38.069259, -12.6508768], [-38.0690604, -12.6509966], [-38.0689034, -12.6510964], [-38.0688767, -12.6511122], [-38.0688448, -12.651102], [-38.0687781, -12.6510879], [-38.0687027, -12.651076], [-38.0686401, -12.6510698], [-38.0685804, -12.6510692], [-38.068494, -12.6510794], [-38.0684476, -12.6510918], [-38.0683931, -12.651115], [-38.0683304, -12.651149], [-38.0682713, -12.6512022], [-38.0682307, -12.6512412], [-38.0681825, -12.6513035], [-38.0681518, -12.6513629], [-38.0681269, -12.6514217]]}}, {"type": "Feature", "id": "1135568236", "properties": {"highway": "footway"}, "geometry": {"type": "LineString", "coordinates": [[-38.0681794, -12.6514055], [-38.0681269, -12.6514217]]}}, {"type": "Feature", "id": "1135568237", "properties": {"highway": "footway"}, "geometry": {"type": "LineString", "coordinates": [[-38.0705371, -12.6496704], [-38.0704384, -12.649512], [-38.0703874, -12.6494424], [-38.0703526, -12.649435], [-38.0703073, -12.6494486], [-38.0702933, -12.6494616], [-38.0702494, -12.6495023], [-38.0701194, -12.64962], [-38.0699745, -12.6497587], [-38.0698353, -12.6498871], [-38.0697315, -12.6499777], [-38.0695307, -12.6501681], [-38.0694629, -12.6502317], [-38.0693777, -12.6503097], [-38.0693013, -12.6503716], [-38.0692335, -12.6504039], [-38.0691466, -12.6504267], [-38.0690641, -12.65042], [-38.068998, -12.6503877], [-38.0689155, -12.6503445], [-38.068852, -12.6503182], [-38.0687747, -12.650314], [-38.068673, -12.6503284], [-38.0685331, -12.6503445], [-38.0683576, -12.6503725], [-38.0680709, -12.6504157], [-38.067851, -12.6504449], [-38.0677558, -12.6504404], [-38.0676334, -12.6504008], [-38.0674554, -12.6503171], [-38.0670371, -12.6501029], [-38.0667556, -12.6499464]]}}, {"type": "Feature", "id": "1135568238", "properties": {"highway": "footway"}, "geometry": {"type": "LineString", "coordinates": [[-38.0667834, -12.6498948], [-38.0667556, -12.6499464]]}}, {"type": "Feature", "id": "1135568239", "properties": {"highway": "footway"}, "geometry": {"type": "LineString", "coordinates": [[-38.0667556, -12.6499464], [-38.0665753, -12.6498667], [-38.0663841, -12.6497819], [-38.0660791, -12.6496496], [-38.0659079, -12.6495682], [-38.0658167, -12.6495309], [-38.0657428, -12.6495123], [-38.065656, -12.6495063], [-38.0655421, -12.6495063], [-38.0654396, -12.6495021], [-38.0653709, -12.6494919], [-38.0653162, -12.6494597], [-38.0652597, -12.6494071], [-38.0651763, -12.6492774], [-38.0650938, -12.6491502], [-38.065039, -12.6490375], [-38.0650242, -12.6489824], [-38.065039, -12.6488976], [-38.0650903, -12.6486873], [-38.0651589, -12.6483948], [-38.0652284, -12.6480667], [-38.0653371, -12.6475377], [-38.0654673, -12.6468911], [-38.0654477, -12.6468479], [-38.0653735, -12.6468415], [-38.0652147, -12.6468352], [-38.0649179, -12.6468072], [-38.0648046, -12.6468034], [-38.0647694, -12.6468339], [-38.0647577, -12.6469241], [-38.0647317, -12.6472125], [-38.0647069, -12.6476698], [-38.0646861, -12.6481144], [-38.0646588, -12.6484498], [-38.0646288, -12.6487788], [-38.0646093, -12.6491116], [-38.0646002, -12.6492908], [-38.064595, -12.6493835], [-38.0646158, -12.6494203], [-38.0646744, -12.6494457], [-38.0647174, -12.6494826], [-38.0647395, -12.649508], [-38.0647564, -12.6495105], [-38.0647877, -12.6494864], [-38.0648847, -12.6495836], [-38.0651374, -12.6498711]]}}, {"type": "Feature", "id": "1135570037", "properties": {"building": "yes"}, "geometry": {"type": "Polygon", "coordinates": [[[-38.0682596, -12.6516273], [-38.0682102, -12.6516832], [-38.0681534, -12.6516353], [-38.0682028, -12.6515794], [-38.0682596, -12.6516273]]]}}, {"type": "Feature", "id": "1135570038", "properties": {"highway": "footway"}, "geometry": {"type": "LineString", "coordinates": [[-38.0681269, -12.6514217], [-38.068068, -12.6514308], [-38.0680054, -12.6514387], [-38.0679602, -12.6514659], [-38.0679183, -12.651506]]}}, {"type": "Feature", "id": "1135570039", "properties": {"building": "yes"}, "geometry": {"type": "Polygon", "coordinates": [[[-38.0680864, -12.6514838], [-38.0680434, -12.6515446], [-38.0679822, -12.6515034], [-38.0680252, -12.6514426], [-38.0680864, -12.6514838]]]}}, {"type": "Feature", "id": "1135570040", "properties": {"building": "yes"}, "geometry": {"type": "Polygon", "coordinates": [[[-38.068328, -12.6516941], [-38.0682607, -12.6516327], [-38.0681971, -12.6516989], [-38.0682644, -12.6517604], [-38.068328, -12.6516941]]]}}, {"type": "Feature", "id": "1135570041", "properties": {"building": "yes"}, "geometry": {"type": "Polygon", "coordinates": [[[-38.0686951, -12.6520085], [-38.0686084, -12.6520879], [-38.0685645, -12.6520422], [-38.0686441, -12.6519693], [-38.0686141, -12.6519381], [-38.0686304, -12.6519232], [-38.0686692, -12.6519636], [-38.06866, -12.651972], [-38.0686951, -12.6520085]]]}}, {"type": "Feature", "id": "1135570042", "properties": {"building": "yes"}, "geometry": {"type": "Polygon", "coordinates": [[[-38.068583, -12.6519084], [-38.06851, -12.6519781], [-38.0685579, -12.6520357], [-38.0684205, -12.6521663], [-38.0683716, -12.6521182], [-38.0684268, -12.6520669], [-38.0683388, -12.6519645], [-38.0684223, -12.6518889], [-38.0684672, -12.6519395], [-38.0685436, -12.6518704], [-38.068583, -12.6519084]]]}}, {"type": "Feature", "id": "1135570043", "properties": {"building": "yes"}, "geometry": {"type": "Polygon", "coordinates": [[[-38.069506, -12.6521673], [-38.0695072, -12.652218], [-38.0694878, -12.6522353], [-38.0693884, -12.652242], [-38.0693863, -12.6522116], [-38.0693729, -12.6522125], [-38.0693683, -12.6521466], [-38.0693846, -12.6521406], [-38.0693841, -12.652124], [-38.0694853, -12.6521216], [-38.0694865, -12.6521678], [-38.069506, -12.6521673]]]}}, {"type": "Feature", "id": "1135570044", "properties": {"building": "yes"}, "geometry": {"type": "Polygon", "coordinates": [[[-38.0725669, -12.6505295], [-38.072498, -12.6506528], [-38.0723726, -12.6505861], [-38.0724414, -12.6504628], [-38.0725669, -12.6505295]]]}}, {"type": "Feature", "id": "1135570045", "properties": {"building": "yes"}, "geometry": {"type": "Polygon", "coordinates": [[[-38.0724324, -12.6504595], [-38.0723859, -12.6505458], [-38.0723354, -12.6505199], [-38.0723818, -12.6504336], [-38.0724324, -12.6504595]]]}}, {"type": "Feature", "id": "1135570046", "properties": {"building": "yes"}, "geometry": {"type": "Polygon", "coordinates": [[[-38.0722943, -12.650576], [-38.0723823, -12.6503944], [-38.0722964, -12.6503548], [-38.0722084, -12.6505363], [-38.0722943, -12.650576]]]}}, {"type": "Feature", "id": "1135570047", "properties": {"building": "yes"}, "geometry": {"type": "Polygon", "coordinates": [[[-38.072353, -12.6503588], [-38.0723919, -12.6503748], [-38.0724574, -12.6502224], [-38.072382, -12.6501916], [-38.0723623, -12.6502376], [-38.0723987, -12.6502525], [-38.072353, -12.6503588]]]}}, {"type": "Feature", "id": "1135570048", "properties": {"highway": "service"}, "geometry": {"type": "LineString", "coordinates": [[-38.0713903, -12.649683], [-38.0713717, -12.6496528], [-38.0711815, -12.6493435], [-38.0710892, -12.6491935]]}}, {"type": "Feature", "id": "1135570049", "properties": {"highway": "service"}, "geometry": {"type": "LineString", "coordinates": [[-38.0711815, -12.6493435], [-38.0712758, -12.6492855], [-38.0713974, -12.6492089]]}}, {"type": "Feature", "id": "1135570050", "properties": {"highway": "service"}, "geometry": {"type": "LineString", "coordinates": [[-38.0713974, -12.6492089], [-38.0715366, -12.6494085]]}}, {"type": "Feature", "id": "1135570051", "properties": {"highway": "service"}, "geometry": {"type": "LineString", "coordinates": [[-38.0712758, -12.6492855], [-38.0714082, -12.6495305]]}}, {"type": "Feature", "id": "1135572508", "properties": {"highway": "footway"}, "geometry": {"type": "LineString", "coordinates": [[-38.0651374, -12.6498711], [-38.0650919, -12.6499091], [-38.0650055, -12.6499814], [-38.0649435, -12.6500333], [-38.0649183, -12.6500544], [-38.0647486, -12.6500615], [-38.0646037, -12.6500878], [-38.0644844, -12.6501059], [-38.06443, -12.6500763], [-38.0644239, -12.6500736], [-38.0643637, -12.6500386], [-38.064267, -12.650018], [-38.0641902, -12.6499952]]}}, {"type": "Feature", "id": "1135577206", "properties": {"highway": "footway"}, "geometry": {"type": "Polygon", "coordinates": [[[-38.070268, -12.6492598], [-38.0702738, -12.6492927], [-38.0702599, -12.6493317], [-38.0702312, -12.6493615], [-38.0701978, -12.6493962], [-38.0700053, -12.6495931], [-38.0698266, -12.6497527], [-38.0697655, -12.6498149], [-38.0697329, -12.6498352], [-38.0697004, -12.6498302], [-38.0696527, -12.6497581], [-38.0695329, -12.6495343], [-38.069461, -12.6494059], [-38.0694032, -12.6493172], [-38.0693183, -12.6492417], [-38.0691853, -12.6491651], [-38.0690394, -12.6490929], [-38.0689256, -12.6490281], [-38.0687019, -12.6488907], [-38.0684635, -12.6487661], [-38.0682557, -12.6486409], [-38.0680374, -12.6485253], [-38.0678765, -12.6484365], [-38.0678171, -12.6484035], [-38.0678021, -12.6483695], [-38.0677954, -12.648321], [-38.0679154, -12.6480997], [-38.0680301, -12.647875], [-38.0681187, -12.6477368], [-38.0681569, -12.6477046], [-38.0682177, -12.6477038], [-38.068272, -12.6477307], [-38.0683151, -12.6477521], [-38.0685384, -12.6478827], [-38.0688356, -12.648059], [-38.0692257, -12.6482896], [-38.0696228, -12.6485262], [-38.0698844, -12.6486941], [-38.0699773, -12.648767], [-38.0700495, -12.6488653], [-38.0701372, -12.6490298], [-38.0702337, -12.64919], [-38.070268, -12.6492598]]]}}, {"type": "Feature", "id": "1135577207", "properties": {"highway": "footway"}, "geometry": {"type": "LineString", "coordinates": [[-38.0702933, -12.6494616], [-38.0702655, -12.6494144], [-38.0702312, -12.6493615]]}}, {"type": "Feature", "id": "1135577208", "properties": {"highway": "footway"}, "geometry": {"type": "LineString", "coordinates": [[-38.0697655, -12.6498149], [-38.0697998, -12.6498508], [-38.0698353, -12.6498871]]}}, {"type": "Feature", "id": "1135577209", "properties": {"highway": "footway"}, "geometry": {"type": "LineString", "coordinates": [[-38.0696527, -12.6497581], [-38.0696306, -12.6497746], [-38.0695855, -12.6498067]]}}, {"type": "Feature", "id": "1135577210", "properties": {"highway": "residential", "name": "Rua Praia de Pajussara"}, "geometry": {"type": "LineString", "coordinates": [[-38.0680551, -12.6477913], [-38.0680902, -12.6476791], [-38.068113, -12.6475917]]}}, {"type": "Feature", "id": "1135577212", "properties": {"building": "guardhouse"}, "geometry": {"type": "Polygon", "coordinates": [[[-38.0681525, -12.6476542], [-38.0681333, -12.6476815], [-38.0681106, -12.6476663], [-38.0681298, -12.647639], [-38.0681525, -12.6476542]]]}}, {"type": "Feature", "id": "1136348173", "properties": {"highway": "tertiary", "name": "Rua Senhor do Bomfim"}, "geometry": {"type": "LineString", "coordinates": [[-38.0801804, -12.6467065], [-38.0798786, -12.6468675]]}}, {"type": "Feature", "id": "1136596279", "properties": {"building": "detached"}, "geometry": {"type": "Polygon", "coordinates": [[[-38.0754543, -12.6465185], [-38.0753487, -12.6465173], [-38.075348, -12.6465844], [-38.0753986, -12.6465849], [-38.0753981, -12.6466253], [-38.0753603, -12.6466249], [-38.0753596, -12.646693], [-38.0754541, -12.646694], [-38.0754549, -12.6466255], [-38.0754355, -12.6466253], [-38.0754359, -12.6465833], [-38.0754536, -12.6465835], [-38.0754543, -12.6465185]]]}}, {"type": "Feature", "id": "1136596281", "properties": {"building": "yes"}, "geometry": {"type": "Polygon", "coordinates": [[[-38.0767974, -12.6466838], [-38.076798, -12.6466083], [-38.0767833, -12.6466082], [-38.0767835, -12.6465847], [-38.0766737, -12.6465839], [-38.0766734, -12.6466174], [-38.0766502, -12.6466172], [-38.0766491, -12.6467572], [-38.0767968, -12.6467584], [-38.0767971, -12.6467139], [-38.0767974, -12.6466838]]]}}, {"type": "Feature", "id": "1136596282", "properties": {"building": "detached"}, "geometry": {"type": "Polygon", "coordinates": [[[-38.0762521, -12.6455337], [-38.0761256, -12.6456513], [-38.0760602, -12.6455842], [-38.0761867, -12.6454667], [-38.0762521, -12.6455337]]]}}, {"type": "Feature", "id": "1136596283", "properties": {"highway": "footway"}, "geometry": {"type": "LineString", "coordinates": [[-38.0756781, -12.6471463], [-38.0756833, -12.6471076], [-38.0756807, -12.6470609], [-38.0756903, -12.6470155], [-38.0757216, -12.6469881], [-38.0757401, -12.6469589], [-38.0757509, -12.6469302], [-38.0757488, -12.6469157], [-38.0757313, -12.6469048], [-38.0757101, -12.6469037], [-38.075683, -12.6469022], [-38.0756112, -12.6469022]]}}, {"type": "Feature", "id": "1136596284", "properties": {"highway": "footway"}, "geometry": {"type": "LineString", "coordinates": [[-38.0756112, -12.6469022], [-38.0755078, -12.6468986], [-38.0754456, -12.6468972]]}}, {"type": "Feature", "id": "1136596289", "properties": {"landuse": "grass"}, "geometry": {"type": "Polygon", "coordinates": [[[-38.0757368, -12.6469323], [-38.0757359, -12.6469509], [-38.0757221, -12.6469676], [-38.0757061, -12.6469838], [-38.0756886, -12.647003], [-38.0756729, -12.6470228], [-38.0756662, -12.6470402], [-38.0756631, -12.6470693], [-38.0756471, -12.6471022], [-38.0756253, -12.6471163], [-38.0756267, -12.647045], [-38.075626, -12.6469602], [-38.075626, -12.6469124], [-38.0756386, -12.646907], [-38.0756755, -12.6469078], [-38.0757071, -12.6469078], [-38.075721, -12.6469097], [-38.0757313, -12.6469175], [-38.0757368, -12.6469323]]]}}, {"type": "Feature", "id": "1136596290", "properties": {"landuse": "grass"}, "geometry": {"type": "Polygon", "coordinates": [[[-38.0760547, -12.6469124], [-38.0760101, -12.6469124], [-38.0759751, -12.6469133], [-38.0759341, -12.6469165], [-38.0759166, -12.646921], [-38.0759088, -12.6469281], [-38.0759065, -12.6469434], [-38.0759111, -12.6469573], [-38.0759267, -12.6469802], [-38.0759516, -12.6470054], [-38.0759893, -12.6470373], [-38.0760004, -12.6470593], [-38.076005, -12.6471056], [-38.0760303, -12.6471042], [-38.0760299, -12.6470867], [-38.0760289, -12.6470377], [-38.0760395, -12.6469627], [-38.0760547, -12.6469344], [-38.0760547, -12.6469124]]]}}, {"type": "Feature", "id": "1136596291", "properties": {"leisure": "park"}, "geometry": {"type": "Polygon", "coordinates": [[[-38.0753134, -12.6469121], [-38.0751927, -12.64691], [-38.0750523, -12.6469078], [-38.0749882, -12.6469063], [-38.0749726, -12.646906], [-38.074922, -12.6468741], [-38.0748649, -12.6468072], [-38.0747825, -12.6467088], [-38.0747576, -12.646686], [-38.0747201, -12.646715], [-38.0747545, -12.6467507], [-38.074753, -12.6467683], [-38.0747494, -12.6467913], [-38.0747497, -12.6468105], [-38.0747586, -12.64683], [-38.0747718, -12.6468378], [-38.0747933, -12.646842], [-38.0748074, -12.6468495], [-38.0748148, -12.6468639], [-38.0748139, -12.6468789], [-38.0748166, -12.646887], [-38.0748277, -12.6468927], [-38.0748421, -12.646893], [-38.074848, -12.646922], [-38.0748713, -12.646922], [-38.0748686, -12.6469517], [-38.0748904, -12.6469547], [-38.0749239, -12.6469958], [-38.0749533, -12.6470446], [-38.0749791, -12.6470522], [-38.074985, -12.6470539], [-38.0749921, -12.6470509], [-38.0749967, -12.6470455], [-38.0750022, -12.6470399], [-38.075009, -12.6470372], [-38.0750172, -12.6470387], [-38.0750277, -12.6470419], [-38.0750363, -12.6470422], [-38.0750421, -12.6470387], [-38.0750535, -12.6470339], [-38.0750815, -12.6470283], [-38.0751112, -12.647037], [-38.0751401, -12.6470518], [-38.0751615, -12.6470754], [-38.0751667, -12.6470931], [-38.0751719, -12.6471111], [-38.0753117, -12.647093], [-38.0753122, -12.64704], [-38.0753126, -12.6470009], [-38.075313, -12.6469556], [-38.0753134, -12.6469121]]]}}, {"type": "Feature", "id": "1136596308", "properties": {"landuse": "forest"}, "geometry": {"type": "Polygon", "coordinates": [[[-38.0753647, -12.6472437], [-38.0753682, -12.6472707], [-38.0753571, -12.6473009], [-38.0753199, -12.6472983], [-38.0752695, -12.6472801], [-38.0752309, -12.6472626], [-38.0752192, -12.6472572], [-38.0751832, -12.6472262], [-38.0751606, -12.6472067], [-38.0751019, -12.6471704], [-38.0750888, -12.6471455], [-38.0750895, -12.647124], [-38.0751116, -12.6471065], [-38.0751516, -12.6471112], [-38.0751667, -12.6470931], [-38.0751615, -12.6470754], [-38.0751401, -12.6470518], [-38.0751112, -12.647037], [-38.0750815, -12.6470283], [-38.0750535, -12.6470339], [-38.0750421, -12.6470387], [-38.0750363, -12.6470422], [-38.0750277, -12.6470419], [-38.0750172, -12.6470387], [-38.075009, -12.6470372], [-38.0750022, -12.6470399], [-38.0749967, -12.6470455], [-38.0749921, -12.6470509], [-38.074985, -12.6470539], [-38.0749791, -12.6470522], [-38.0749702, -12.6470387], [-38.0749615, -12.6470249], [-38.0749422, -12.6469942], [-38.0749295, -12.6469741], [-38.0749302, -12.6469397], [-38.074958, -12.6469107], [-38.0749882, -12.6469063], [-38.0750523, -12.6469078], [-38.0751927, -12.64691], [-38.0752185, -12.6469328], [-38.0752226, -12.6469651], [-38.0752212, -12.6470082], [-38.0752382, -12.6470177], [-38.075255, -12.6470324], [-38.0752854, -12.6470526], [-38.0753117, -12.647093], [-38.0753111, -12.6471569], [-38.0753108, -12.6471946], [-38.0753029, -12.6472269], [-38.0753647, -12.6472437]]]}}, {"type": "Feature", "id": "1136596314", "properties": {"highway": "service"}, "geometry": {"type": "LineString", "coordinates": [[-38.0737484, -12.6480949], [-38.0737528, -12.6480491], [-38.0737488, -12.6480134], [-38.0737372, -12.6479642], [-38.0737156, -12.6479076], [-38.0736755, -12.6478564], [-38.0736456, -12.6478228]]}}, {"type": "Feature", "id": "1136610979", "properties": {"highway": "residential", "name": "Rua Principal do Lago"}, "geometry": {"type": "LineString", "coordinates": [[-38.0758203, -12.6468668], [-38.0757124, -12.6468657], [-38.0755, -12.6468634]]}}, {"type": "Feature", "id": "1136861050", "properties": {"building": "house"}, "geometry": {"type": "Polygon", "coordinates": [[[-38.0762606, -12.64616], [-38.0762287, -12.6461913], [-38.0761156, -12.6460818], [-38.0761427, -12.6460552], [-38.0761351, -12.6460478], [-38.0761697, -12.6460138], [-38.0762663, -12.6461073], [-38.0762364, -12.6461366], [-38.0762606, -12.64616]]]}}, {"type": "Feature", "id": "1136861053", "properties": {"building": "detached"}, "geometry": {"type": "Polygon", "coordinates": [[[-38.0732285, -12.6449703], [-38.0731713, -12.6450252], [-38.0731189, -12.6449732], [-38.0730937, -12.6449973], [-38.0730239, -12.6449281], [-38.0730586, -12.6448947], [-38.0730463, -12.6448826], [-38.0730939, -12.6448369], [-38.0732285, -12.6449703]]]}}, {"type": "Feature", "id": "1136861055", "properties": {"building": "house"}, "geometry": {"type": "Polygon", "coordinates": [[[-38.0733842, -12.6449439], [-38.0734983, -12.6450611], [-38.0734565, -12.6450998], [-38.0733977, -12.6450393], [-38.0733595, -12.6450746], [-38.073329, -12.6450432], [-38.0733642, -12.6450106], [-38.0733395, -12.6449853], [-38.0733842, -12.6449439]]]}}, {"type": "Feature", "id": "1136861056", "properties": {"building": "detached"}, "geometry": {"type": "Polygon", "coordinates": [[[-38.0739353, -12.6455739], [-38.0739353, -12.6456296], [-38.0738908, -12.6456296], [-38.0738908, -12.6456535], [-38.0738149, -12.6456535], [-38.073815, -12.6455368], [-38.0738789, -12.6455369], [-38.0738789, -12.6455739], [-38.0739353, -12.6455739]]]}}, {"type": "Feature", "id": "1136861057", "properties": {"building": "detached"}, "geometry": {"type": "Polygon", "coordinates": [[[-38.074101, -12.645621], [-38.0740986, -12.6457738], [-38.0739657, -12.6457719], [-38.0739678, -12.6456393], [-38.0739867, -12.6456395], [-38.0739871, -12.6456158], [-38.0740133, -12.6456162], [-38.0740139, -12.645578], [-38.074049, -12.6455786], [-38.0740483, -12.6456202], [-38.074101, -12.645621]]]}}, {"type": "Feature", "id": "1136861058", "properties": {"highway": "footway"}, "geometry": {"type": "LineString", "coordinates": [[-38.0733773, -12.6454499], [-38.0733549, -12.6454497], [-38.0733005, -12.6454492], [-38.073234, -12.6454812]]}}, {"type": "Feature", "id": "1136862088", "properties": {"highway": "footway"}, "geometry": {"type": "LineString", "coordinates": [[-38.0729029, -12.645341], [-38.0728007, -12.6452357], [-38.072733, -12.6451659], [-38.072693, -12.6451231]]}}, {"type": "Feature", "id": "1136862089", "properties": {"highway": "footway"}, "geometry": {"type": "LineString", "coordinates": [[-38.0729427, -12.6453467], [-38.0729029, -12.645341]]}}, {"type": "Feature", "id": "1136862090", "properties": {"building": "commercial"}, "geometry": {"type": "Polygon", "coordinates": [[[-38.0730274, -12.6454935], [-38.0730343, -12.6455615], [-38.0729578, -12.6455662], [-38.0729598, -12.6455453], [-38.0729378, -12.6455494], [-38.0728646, -12.6454807], [-38.0728709, -12.6454652], [-38.0728578, -12.6454652], [-38.0728557, -12.6453979], [-38.0729343, -12.6454006], [-38.0729384, -12.645443], [-38.0729715, -12.6454498], [-38.0729826, -12.6454874], [-38.0730229, -12.6454929], [-38.0730274, -12.6454935]]]}}, {"type": "Feature", "id": "1136862091", "properties": {"leisure": "swimming_pool"}, "geometry": {"type": "Polygon", "coordinates": [[[-38.0728623, -12.6455399], [-38.0728342, -12.6455148], [-38.0727674, -12.6455505], [-38.072703, -12.6455608], [-38.0727133, -12.6456162], [-38.0727042, -12.6456184], [-38.0727079, -12.645637], [-38.0727344, -12.6456392], [-38.0727367, -12.6456607], [-38.0727724, -12.6456563], [-38.0728076, -12.6456681], [-38.0728257, -12.645596], [-38.0728623, -12.6455399]]]}}, {"type": "Feature", "id": "1136862093", "properties": {"highway": "footway"}, "geometry": {"type": "LineString", "coordinates": [[-38.0729427, -12.6453467], [-38.072943, -12.6453993], [-38.0729432, -12.6454348], [-38.0729727, -12.6454438], [-38.0729865, -12.6454806]]}}, {"type": "Feature", "id": "1136862095", "properties": {"highway": "footway"}, "geometry": {"type": "LineString", "coordinates": [[-38.072733, -12.6451659], [-38.0724377, -12.6454662], [-38.0724172, -12.6454876], [-38.0724142, -12.6454907]]}}, {"type": "Feature", "id": "1136862211", "properties": {"highway": "footway"}, "geometry": {"type": "LineString", "coordinates": [[-38.0729427, -12.6453467], [-38.0731441, -12.6451451]]}}, {"type": "Feature", "id": "1137099788", "properties": {"highway": "footway"}, "geometry": {"type": "LineString", "coordinates": [[-38.0728007, -12.6452357], [-38.0729176, -12.6451199]]}}, {"type": "Feature", "id": "1137099789", "properties": {"highway": "footway"}, "geometry": {"type": "LineString", "coordinates": [[-38.072943, -12.6453993], [-38.0728502, -12.6453962]]}}, {"type": "Feature", "id": "1137099790", "properties": {"highway": "footway"}, "geometry": {"type": "LineString", "coordinates": [[-38.0728256, -12.6457684], [-38.0727177, -12.6456551], [-38.0726576, -12.6455962], [-38.0726861, -12.6455643], [-38.0728072, -12.6454409], [-38.0728502, -12.6453962]]}}, {"type": "Feature", "id": "1137099791", "properties": {"highway": "footway"}, "geometry": {"type": "LineString", "coordinates": [[-38.072982, -12.6456091], [-38.0728072, -12.6454409]]}}, {"type": "Feature", "id": "1137099792", "properties": {"landuse": "forest"}, "geometry": {"type": "Polygon", "coordinates": [[[-38.0733731, -12.6455686], [-38.0733836, -12.6456016], [-38.0733628, -12.645638], [-38.0733704, -12.6456729], [-38.0733238, -12.6456947], [-38.0733352, -12.6457489], [-38.0733414, -12.6457599], [-38.0733526, -12.6457738], [-38.0732803, -12.6457887], [-38.0732121, -12.645804], [-38.0731572, -12.6458216], [-38.0730915, -12.6459342], [-38.0730283, -12.6460281], [-38.0729738, -12.6460921], [-38.0729135, -12.6461045], [-38.0728543, -12.6460723], [-38.0727888, -12.6459959], [-38.0727702, -12.6459472], [-38.0727899, -12.6459031], [-38.0728079, -12.6458482], [-38.0728015, -12.6458129], [-38.0729419, -12.6456688], [-38.0729372, -12.6456309], [-38.0729187, -12.6456071], [-38.0729164, -12.6455856], [-38.0729256, -12.6455698], [-38.0729578, -12.6455662], [-38.0730343, -12.6455615], [-38.0730542, -12.6455066], [-38.0730626, -12.6454863], [-38.0732799, -12.6452855], [-38.0733187, -12.64529], [-38.0733624, -12.6452976], [-38.0733867, -12.6453129], [-38.0733946, -12.6453331], [-38.0734015, -12.645351], [-38.0733763, -12.6454061], [-38.0733648, -12.6455139], [-38.0733731, -12.6455686]]]}}, {"type": "Feature", "id": "1137099793", "properties": {"highway": "footway"}, "geometry": {"type": "LineString", "coordinates": [[-38.0734208, -12.6453108], [-38.0733946, -12.6453331], [-38.0733794, -12.6453546], [-38.0733589, -12.6454051], [-38.0733549, -12.6454497], [-38.0733514, -12.6454958], [-38.0733553, -12.6455283], [-38.0733653, -12.6455766], [-38.0733974, -12.6456138]]}}, {"type": "Feature", "id": "1137111287", "properties": {"highway": "footway"}, "geometry": {"type": "LineString", "coordinates": [[-38.0720997, -12.6451631], [-38.0720061, -12.6452573], [-38.0719716, -12.6452919]]}}, {"type": "Feature", "id": "1137111288", "properties": {"building": "yes"}, "geometry": {"type": "Polygon", "coordinates": [[[-38.0720138, -12.6452706], [-38.0720141, -12.6452783], [-38.0720118, -12.6452857], [-38.0720073, -12.6452921], [-38.0720009, -12.6452967], [-38.0719934, -12.6452991], [-38.0719854, -12.6452991], [-38.0719779, -12.6452966], [-38.0719716, -12.6452919], [-38.0719669, -12.6452851], [-38.0719648, -12.6452772], [-38.0719656, -12.645269], [-38.0719691, -12.6452616], [-38.0719749, -12.6452557], [-38.0719825, -12.6452521], [-38.0719908, -12.6452511], [-38.071999, -12.6452529], [-38.0720061, -12.6452573], [-38.0720111, -12.6452633], [-38.0720138, -12.6452706]]]}}, {"type": "Feature", "id": "1137129742", "properties": {"highway": "footway"}, "geometry": {"type": "LineString", "coordinates": [[-38.0796731, -12.6468168], [-38.0797745, -12.6467915], [-38.0798635, -12.6467685], [-38.0799332, -12.6467515], [-38.0800327, -12.6467148], [-38.0801713, -12.6466473], [-38.0803638, -12.6465536], [-38.080603, -12.646426], [-38.0808698, -12.6462733], [-38.0811539, -12.6460984], [-38.0814944, -12.6459054], [-38.0816365, -12.6458239], [-38.0818847, -12.6456785], [-38.0820969, -12.6455557], [-38.0822663, -12.6454527], [-38.0824507, -12.6453067], [-38.0826525, -12.6451087], [-38.0827756, -12.6449653], [-38.0828596, -12.6448546], [-38.082935, -12.6447476], [-38.0830422, -12.6445949], [-38.0831149, -12.6444974], [-38.083153, -12.644435], [-38.0832027, -12.6443559], [-38.0833506, -12.6441301], [-38.0834457, -12.6439966], [-38.0835095, -12.6439134], [-38.0836997, -12.6437385], [-38.0838058, -12.6436678], [-38.0838512, -12.6436439]]}}, {"type": "Feature", "id": "1137136775", "properties": {"landuse": "forest"}, "geometry": {"type": "Polygon", "coordinates": [[[-38.0720854, -12.6448914], [-38.0720763, -12.6449079], [-38.0720581, -12.6449079], [-38.0720398, -12.6449156], [-38.0720307, -12.6449397], [-38.0720086, -12.64496], [-38.0719786, -12.6449854], [-38.0719643, -12.644988], [-38.0719539, -12.6450007], [-38.0719432, -12.645034], [-38.0719316, -12.6450438], [-38.0719095, -12.6450374], [-38.0718917, -12.645034], [-38.0718824, -12.6450355], [-38.0718646, -12.6450317], [-38.071853, -12.6450163], [-38.0718546, -12.6450008], [-38.0718689, -12.6449925], [-38.0718751, -12.6449724], [-38.0718531, -12.6449489], [-38.0718265, -12.6449234], [-38.0718062, -12.6449268], [-38.0717876, -12.6449144], [-38.0717841, -12.6448974], [-38.0717621, -12.6448889], [-38.0717493, -12.6448934], [-38.0717313, -12.6448878], [-38.0717255, -12.6448719], [-38.0717308, -12.644851], [-38.0717516, -12.6448352], [-38.0717342, -12.6448272], [-38.0717128, -12.6448233], [-38.0717052, -12.6448159], [-38.071707, -12.6447927], [-38.071729, -12.6447559], [-38.0716737, -12.644678], [-38.071632, -12.6446475], [-38.0716084, -12.6446452], [-38.0715997, -12.6446616], [-38.0715992, -12.6446792], [-38.0715957, -12.6446922], [-38.0715783, -12.6446939], [-38.0715563, -12.6446843], [-38.0715505, -12.6446582], [-38.0715331, -12.6446594], [-38.0715128, -12.6446582], [-38.0715012, -12.6446418], [-38.0714954, -12.6446152], [-38.0715145, -12.6446072], [-38.071536, -12.6445983], [-38.0715418, -12.6445728], [-38.0715168, -12.6445547], [-38.071493, -12.644549], [-38.0714709, -12.6445615], [-38.0714495, -12.6445671], [-38.07142, -12.6445439], [-38.0714101, -12.6445219], [-38.0713892, -12.6445021], [-38.0713917, -12.6444786], [-38.0714107, -12.6444625], [-38.0714043, -12.6444319], [-38.0713997, -12.6443934], [-38.0713979, -12.6443696], [-38.0713631, -12.6443402], [-38.0713312, -12.6443504], [-38.0713081, -12.6443362], [-38.0712914, -12.6443059], [-38.0713156, -12.6442774], [-38.0713556, -12.6442412], [-38.0713892, -12.6441988], [-38.0713886, -12.6441772], [-38.0713614, -12.6441699], [-38.0713504, -12.6441778], [-38.0713515, -12.644192], [-38.0713515, -12.6442101], [-38.0713388, -12.6442146], [-38.0712941, -12.6442146], [-38.0712309, -12.6442061], [-38.0712089, -12.6441812], [-38.0711949, -12.644158], [-38.0711909, -12.6441348], [-38.0712077, -12.6441127], [-38.0712518, -12.6441054], [-38.0712727, -12.6440935], [-38.0712854, -12.6441048], [-38.071297, -12.6441065], [-38.071315, -12.6440992], [-38.0713324, -12.6440907], [-38.0713457, -12.644102], [-38.071373, -12.6441122], [-38.0714101, -12.644119], [-38.0714408, -12.644132], [-38.071464, -12.6441784], [-38.0714698, -12.6442146], [-38.0714722, -12.6442446], [-38.0714722, -12.6442718], [-38.0714965, -12.6442689], [-38.0715133, -12.6442797], [-38.0715157, -12.644295], [-38.071511, -12.6443193], [-38.0715157, -12.6443391], [-38.0715389, -12.6443436], [-38.0715661, -12.6443578], [-38.0715824, -12.6443804], [-38.0715963, -12.6444013], [-38.0715899, -12.6444234], [-38.071587, -12.6444472], [-38.071576, -12.6444596], [-38.0715545, -12.6444636], [-38.0715249, -12.6444579], [-38.0715104, -12.6444568], [-38.0714971, -12.6444704], [-38.0714861, -12.6444879], [-38.0714907, -12.6445145], [-38.0715389, -12.6445202], [-38.0715539, -12.6445015], [-38.0715789, -12.6444834], [-38.0715916, -12.6444704], [-38.0716137, -12.6444721], [-38.0716299, -12.6444591], [-38.0716473, -12.6444545], [-38.0716821, -12.6444777], [-38.0717082, -12.6445077], [-38.0717366, -12.6445304], [-38.0717645, -12.6445666], [-38.0717668, -12.6445886], [-38.0717587, -12.6446169], [-38.0717917, -12.644609], [-38.0718126, -12.6446113], [-38.0718329, -12.6446317], [-38.0718625, -12.6446611], [-38.0718578, -12.6446781], [-38.0718451, -12.6447024], [-38.0718248, -12.6447228], [-38.0718213, -12.6447369], [-38.0718433, -12.6447454], [-38.0718619, -12.6447256], [-38.0718799, -12.6447086], [-38.0718932, -12.6446996], [-38.0719094, -12.6447046], [-38.0719332, -12.6447256], [-38.0719379, -12.6447454], [-38.0719332, -12.6447669], [-38.0719431, -12.6447856], [-38.0719628, -12.6447884], [-38.0719802, -12.6447816], [-38.0719935, -12.6447861], [-38.0720161, -12.6448042], [-38.0720214, -12.6448235], [-38.072033, -12.644824], [-38.0720509, -12.6448393], [-38.0720718, -12.6448608], [-38.0720869, -12.6448755], [-38.0720854, -12.6448914]]]}}, {"type": "Feature", "id": "1137136953", "properties": {"building": "guardhouse", "name": "Portaria Condomínio Mar Azul"}, "geometry": {"type": "Polygon", "coordinates": [[[-38.0707382, -12.6497146], [-38.0707588, -12.6497512], [-38.0707248, -12.6497695], [-38.0706791, -12.649794], [-38.0706576, -12.6498056], [-38.070637, -12.6497689], [-38.0706557, -12.6497589], [-38.0707039, -12.649733], [-38.0707382, -12.6497146]]]}}, {"type": "Feature", "id": "1137444031", "properties": {"highway": "track"}, "geometry": {"type": "LineString", "coordinates": [[-38.0721635, -12.6484055], [-38.0720403, -12.6484801], [-38.0719058, -12.6485478], [-38.0717189, -12.6486307], [-38.0716198, -12.6487026], [-38.0715277, -12.648802], [-38.0714966, -12.6489015], [-38.0715221, -12.6489982], [-38.0715844, -12.6491143], [-38.0716339, -12.6492773], [-38.0716693, -12.6493988], [-38.0716778, -12.6494845], [-38.0716966, -12.6495537], [-38.0717078, -12.6495882]]}}, {"type": "Feature", "id": "1137444032", "properties": {"highway": "footway"}, "geometry": {"type": "Polygon", "coordinates": [[[-38.0695855, -12.6498067], [-38.0696301, -12.649885], [-38.0696344, -12.649943], [-38.0695622, -12.6500038], [-38.0693413, -12.6502138], [-38.0692563, -12.6502829], [-38.0691771, -12.6503188], [-38.0691077, -12.6503188], [-38.069044, -12.6502953], [-38.0689859, -12.6502511], [-38.0689024, -12.6501475], [-38.0687962, -12.6500121], [-38.0687367, -12.6499292], [-38.0686532, -12.6498574], [-38.0685286, -12.6497745], [-38.0683771, -12.6497123], [-38.0680444, -12.6495438], [-38.0678447, -12.6494402], [-38.0679094, -12.6493108], [-38.0679353, -12.6492592], [-38.0682066, -12.6488004], [-38.0682412, -12.6487784], [-38.0682978, -12.6487743], [-38.0684847, -12.6488765], [-38.068748, -12.6490271], [-38.0689661, -12.6491528], [-38.0691572, -12.6492495], [-38.0692747, -12.6493269], [-38.0693753, -12.6494277], [-38.0694786, -12.6495991], [-38.0695855, -12.6498067]]]}}, {"type": "Feature", "id": "1137444033", "properties": {"leisure": "swimming_pool"}, "geometry": {"type": "Polygon", "coordinates": [[[-38.0676622, -12.6494667], [-38.0676257, -12.6495343], [-38.0675891, -12.6495154], [-38.0676255, -12.6494479], [-38.0676622, -12.6494667]]]}}, {"type": "Feature", "id": "1137444034", "properties": {"building": "yes"}, "geometry": {"type": "Polygon", "coordinates": [[[-38.0677624, -12.6495009], [-38.0677169, -12.6495843], [-38.0676488, -12.6495488], [-38.0676944, -12.6494655], [-38.0677624, -12.6495009]]]}}, {"type": "Feature", "id": "1137444035", "properties": {"building": "yes"}, "geometry": {"type": "Polygon", "coordinates": [[[-38.0675599, -12.6495163], [-38.0675358, -12.6494286], [-38.0673965, -12.6493537], [-38.0673563, -12.649425], [-38.0672661, -12.6493766], [-38.0672506, -12.6494042], [-38.0674028, -12.649486], [-38.0674143, -12.6494655], [-38.0674828, -12.6495024], [-38.0674828, -12.6495365], [-38.0675599, -12.6495163]]]}}, {"type": "Feature", "id": "1137444036", "properties": {"building": "detached"}, "geometry": {"type": "Polygon", "coordinates": [[[-38.0676567, -12.6480996], [-38.0675755, -12.6482169], [-38.0673965, -12.6480989], [-38.0674492, -12.6480228], [-38.0674761, -12.6480406], [-38.0674949, -12.6480135], [-38.0675662, -12.6480605], [-38.067576, -12.6480464], [-38.0676567, -12.6480996]]]}}, {"type": "Feature", "id": "1137444037", "properties": {"building": "yes"}, "geometry": {"type": "Polygon", "coordinates": [[[-38.06797, -12.6476732], [-38.0678014, -12.6475758], [-38.0677434, -12.6476713], [-38.067912, -12.6477687], [-38.06797, -12.6476732]]]}}, {"type": "Feature", "id": "1137444038", "properties": {"building": "yes"}, "geometry": {"type": "Polygon", "coordinates": [[[-38.0678396, -12.6477636], [-38.0678222, -12.6477534], [-38.0678323, -12.6477369], [-38.0677208, -12.6476716], [-38.0676576, -12.6477743], [-38.0677865, -12.6478498], [-38.0678396, -12.6477636]]]}}, {"type": "Feature", "id": "1137444039", "properties": {"building": "yes"}, "geometry": {"type": "Polygon", "coordinates": [[[-38.0678669, -12.6479111], [-38.0678235, -12.6479792], [-38.0677605, -12.6479409], [-38.067804, -12.6478728], [-38.0678669, -12.6479111]]]}}, {"type": "Feature", "id": "1137444040", "properties": {"building": "yes"}, "geometry": {"type": "Polygon", "coordinates": [[[-38.0677959, -12.6478687], [-38.0677535, -12.6479323], [-38.0676756, -12.6478829], [-38.067718, -12.6478193], [-38.0677959, -12.6478687]]]}}, {"type": "Feature", "id": "1137444041", "properties": {"building": "yes"}, "geometry": {"type": "Polygon", "coordinates": [[[-38.0683345, -12.6479971], [-38.068278, -12.6480814], [-38.0681353, -12.6479904], [-38.0681918, -12.6479061], [-38.0683345, -12.6479971]]]}}, {"type": "Feature", "id": "1137444042", "properties": {"building": "yes"}, "geometry": {"type": "Polygon", "coordinates": [[[-38.0684552, -12.6478858], [-38.0684028, -12.6479674], [-38.068326, -12.6479206], [-38.0683173, -12.6479342], [-38.0682235, -12.6478768], [-38.0682846, -12.6477816], [-38.0684552, -12.6478858]]]}}, {"type": "Feature", "id": "1137444043", "properties": {"highway": "footway"}, "geometry": {"type": "Polygon", "coordinates": [[[-38.0680648, -12.647668], [-38.0680563, -12.6476155], [-38.0680077, -12.6475844], [-38.0679306, -12.6475352], [-38.0674266, -12.6472158], [-38.0671122, -12.6470265], [-38.066948, -12.6469423], [-38.0668475, -12.6469146], [-38.0666535, -12.6468994], [-38.0663335, -12.6468801], [-38.0659371, -12.6468621], [-38.065668, -12.6468442], [-38.0656199, -12.6468608], [-38.0655873, -12.6469478], [-38.0654387, -12.6475322], [-38.0654514, -12.6475999], [-38.0654939, -12.6476386], [-38.0657374, -12.6476441], [-38.0662528, -12.6476565], [-38.0664128, -12.6476676], [-38.0665643, -12.6477076], [-38.0667469, -12.6478112], [-38.0671703, -12.6480558], [-38.0674223, -12.6481884], [-38.0675837, -12.6482782], [-38.0676658, -12.6483127], [-38.0677083, -12.6483003], [-38.0677223, -12.6482795], [-38.0677777, -12.6481967], [-38.0679849, -12.6478429], [-38.0679986, -12.6478195], [-38.0680326, -12.6477574], [-38.0680648, -12.647668]]]}}, {"type": "Feature", "id": "1137444044", "properties": {"highway": "footway"}, "geometry": {"type": "LineString", "coordinates": [[-38.0683221, -12.6476432], [-38.0682941, -12.6476921], [-38.068272, -12.6477307]]}}, {"type": "Feature", "id": "1137444045", "properties": {"highway": "footway"}, "geometry": {"type": "LineString", "coordinates": [[-38.0680593, -12.6474849], [-38.0680306, -12.6475402], [-38.0680077, -12.6475844]]}}, {"type": "Feature", "id": "1137444046", "properties": {"highway": "footway"}, "geometry": {"type": "LineString", "coordinates": [[-38.0680301, -12.647875], [-38.068013, -12.6478629], [-38.0679849, -12.6478429]]}}, {"type": "Feature", "id": "1137444047", "properties": {"highway": "footway"}, "geometry": {"type": "LineString", "coordinates": [[-38.0677954, -12.648321], [-38.0677566, -12.6482989], [-38.0677223, -12.6482795]]}}, {"type": "Feature", "id": "1137444048", "properties": {"highway": "footway"}, "geometry": {"type": "LineString", "coordinates": [[-38.0678171, -12.6484035], [-38.0677826, -12.6484492], [-38.067757, -12.6484831]]}}, {"type": "Feature", "id": "1137444052", "properties": {"landuse": "residential"}, "geometry": {"type": "Polygon", "coordinates": [[[-38.0742265, -12.6440428], [-38.0742265, -12.6440151], [-38.0738329, -12.643638], [-38.0737126, -12.6435717], [-38.0736134, -12.6435565], [-38.0735342, -12.6435689], [-38.0734322, -12.6436697], [-38.0731009, -12.6440124], [-38.0730896, -12.6445622], [-38.0730896, -12.6446368], [-38.0730598, -12.6447225], [-38.0729933, -12.6448164], [-38.0729055, -12.6448924], [-38.0729308, -12.644909], [-38.0730445, -12.6450239], [-38.0731445, -12.6451216], [-38.0733187, -12.64529], [-38.0733624, -12.6452976], [-38.0733867, -12.6453129], [-38.0733946, -12.6453331], [-38.0734015, -12.645351], [-38.0734322, -12.6453152], [-38.0735129, -12.6452281], [-38.0735656, -12.6451588], [-38.0736191, -12.6450886], [-38.0737012, -12.6449988], [-38.073755, -12.6449463], [-38.0737805, -12.6449159], [-38.0737908, -12.6448659], [-38.0737918, -12.6447888], [-38.0737918, -12.6446755], [-38.0737961, -12.6445346], [-38.0738018, -12.644442], [-38.0738272, -12.6443978], [-38.073891, -12.6443246], [-38.0740099, -12.6442196], [-38.0742265, -12.6440428]]]}}, {"type": "Feature", "id": "1137449784", "properties": {"highway": "footway"}, "geometry": {"type": "Polygon", "coordinates": [[[-38.0689791, -12.6515661], [-38.0689795, -12.6514636], [-38.0689482, -12.6513658], [-38.0688882, -12.6512818], [-38.068805, -12.6512193], [-38.0687064, -12.6511841], [-38.0686016, -12.6511795], [-38.0685001, -12.651206], [-38.0684116, -12.651261], [-38.0683441, -12.6513395], [-38.068304, -12.6514341], [-38.068295, -12.6515362], [-38.0683145, -12.6516273], [-38.0683588, -12.6517098], [-38.0684247, -12.6517772], [-38.0685069, -12.6518244], [-38.0685993, -12.6518477], [-38.0687042, -12.6518438], [-38.068803, -12.6518093], [-38.0688866, -12.6517473], [-38.0689472, -12.6516637], [-38.0689791, -12.6515661]]]}}, {"type": "Feature", "id": "1137449785", "properties": {"highway": "footway"}, "geometry": {"type": "LineString", "coordinates": [[-38.0685993, -12.6518477], [-38.0685908, -12.6519267]]}}, {"type": "Feature", "id": "1137449786", "properties": {"highway": "footway"}, "geometry": {"type": "LineString", "coordinates": [[-38.068295, -12.6515362], [-38.068125, -12.6515066]]}}, {"type": "Feature", "id": "1137449791", "properties": {"highway": "footway"}, "geometry": {"type": "Polygon", "coordinates": [[[-38.0732298, -12.6543164], [-38.0732455, -12.6542895], [-38.0732474, -12.6542799], [-38.0732515, -12.6542592], [-38.0732471, -12.6542286], [-38.0732328, -12.6542009], [-38.0732098, -12.654179], [-38.0731807, -12.6541657], [-38.0731487, -12.6541624], [-38.0731173, -12.6541695], [-38.0730901, -12.6541862], [-38.07307, -12.6542107], [-38.0730637, -12.6542281], [-38.0730592, -12.6542403], [-38.073059, -12.6542717], [-38.073069, -12.654301], [-38.0730882, -12.6543256], [-38.0731146, -12.6543428], [-38.0731452, -12.6543508], [-38.0731768, -12.6543488], [-38.073206, -12.6543369], [-38.0732298, -12.6543164]]]}}, {"type": "Feature", "id": "1137449792", "properties": {"highway": "service"}, "geometry": {"type": "LineString", "coordinates": [[-38.0730509, -12.6543225], [-38.0729985, -12.6543442], [-38.0729304, -12.6543915], [-38.0727331, -12.6545229]]}}, {"type": "Feature", "id": "1137449793", "properties": {"highway": "service"}, "geometry": {"type": "LineString", "coordinates": [[-38.0732929, -12.6543105], [-38.0733295, -12.6543429], [-38.0733492, -12.6544068], [-38.0733482, -12.6544513], [-38.0733404, -12.6547832]]}}, {"type": "Feature", "id": "1137449796", "properties": {"highway": "footway"}, "geometry": {"type": "LineString", "coordinates": [[-38.0751755, -12.6557519], [-38.0750869, -12.6556558], [-38.0748002, -12.655365], [-38.0745986, -12.655164], [-38.0744404, -12.6549928], [-38.0742884, -12.6548605], [-38.0742267, -12.6548037], [-38.0741615, -12.6547749], [-38.0738974, -12.6546511], [-38.0737818, -12.6545968], [-38.0737401, -12.6545451], [-38.0737175, -12.6544747], [-38.0737149, -12.6543789], [-38.0737279, -12.6542806], [-38.0737505, -12.6541941], [-38.0737957, -12.6541085], [-38.0739886, -12.6538694], [-38.0742067, -12.6535752], [-38.0744535, -12.6532462], [-38.0746664, -12.6529631], [-38.0747732, -12.6528138], [-38.0747654, -12.6527825], [-38.0747281, -12.6527689], [-38.0745856, -12.6527291], [-38.0742623, -12.6526265], [-38.0741702, -12.6526087], [-38.0741337, -12.6526214], [-38.0740946, -12.6526714], [-38.0739034, -12.6529902], [-38.0736784, -12.6534166], [-38.0733803, -12.6539287], [-38.0733221, -12.6540618], [-38.0733143, -12.6541119], [-38.0733265, -12.6541746], [-38.0733586, -12.654239], [-38.0733894, -12.6542943], [-38.0733994, -12.6547481], [-38.0734021, -12.654774], [-38.0733891, -12.6547886], [-38.0733404, -12.6547832], [-38.0732973, -12.6547785], [-38.0731909, -12.6547667], [-38.0731505, -12.6547671], [-38.0730824, -12.6547352], [-38.0729425, -12.6546606], [-38.072833, -12.6546064], [-38.0727578, -12.6545436], [-38.0727331, -12.6545229], [-38.0726518, -12.6544546], [-38.0725929, -12.6543794], [-38.0725857, -12.6543088], [-38.072604, -12.654269], [-38.07296, -12.6541046], [-38.072983, -12.6541347], [-38.073128, -12.6540671], [-38.0732201, -12.6540281], [-38.0732644, -12.6539722], [-38.0733765, -12.6537559], [-38.0735709, -12.6534222], [-38.0737923, -12.653014], [-38.0739635, -12.6527037], [-38.0740131, -12.6526185], [-38.0739845, -12.6525538], [-38.0734129, -12.6523708], [-38.0733465, -12.6524064], [-38.0731734, -12.6529539], [-38.0730562, -12.653368], [-38.0729794, -12.653598], [-38.0728935, -12.6537783], [-38.072818, -12.6538266], [-38.0727242, -12.653866], [-38.0726096, -12.6538673], [-38.072525, -12.6538076], [-38.0724768, -12.6537008], [-38.0724131, -12.6536005], [-38.0723102, -12.6535395], [-38.0720615, -12.6534201], [-38.0718037, -12.6532969], [-38.0714275, -12.6531457], [-38.0712478, -12.6530704]]}}, {"type": "Feature", "id": "1137449797", "properties": {"landuse": "grass"}, "geometry": {"type": "Polygon", "coordinates": [[[-38.0731218, -12.6544327], [-38.0730902, -12.6543936], [-38.0730433, -12.6543868], [-38.0729972, -12.6543893], [-38.0730016, -12.6544359], [-38.0727869, -12.654547], [-38.0727331, -12.6545229], [-38.0726518, -12.6544546], [-38.0725929, -12.6543794], [-38.0724366, -12.6544645], [-38.0722458, -12.6545846], [-38.0723217, -12.6546185], [-38.0729751, -12.654944], [-38.0730558, -12.6549871], [-38.0731342, -12.654805], [-38.0731505, -12.6547671], [-38.0730824, -12.6547352], [-38.0731218, -12.6544327]]]}}, {"type": "Feature", "id": "1137449798", "properties": {"building": "yes"}, "geometry": {"type": "Polygon", "coordinates": [[[-38.0730436, -12.654537], [-38.0730171, -12.6545863], [-38.0729616, -12.6545579], [-38.0729881, -12.6545086], [-38.0730436, -12.654537]]]}}, {"type": "Feature", "id": "1137449799", "properties": {"leisure": "pitch"}, "geometry": {"type": "Polygon", "coordinates": [[[-38.0728513, -12.654683], [-38.0727972, -12.6547929], [-38.0726005, -12.6547007], [-38.0726546, -12.6545908], [-38.0728513, -12.654683]]]}}, {"type": "Feature", "id": "1137449802", "properties": {"highway": "footway"}, "geometry": {"type": "LineString", "coordinates": [[-38.0732929, -12.6543105], [-38.0732474, -12.6542799]]}}, {"type": "Feature", "id": "1137449803", "properties": {"highway": "footway"}, "geometry": {"type": "LineString", "coordinates": [[-38.0732929, -12.6543105], [-38.0733894, -12.6542943]]}}, {"type": "Feature", "id": "1137449804", "properties": {"highway": "footway"}, "geometry": {"type": "LineString", "coordinates": [[-38.0730637, -12.6542281], [-38.0730361, -12.6542193], [-38.072983, -12.6541347]]}}, {"type": "Feature", "id": "1137449805", "properties": {"landuse": "grass"}, "geometry": {"type": "Polygon", "coordinates": [[[-38.0731153, -12.6541858], [-38.0731406, -12.6541774], [-38.0731672, -12.6541772], [-38.0731926, -12.6541852], [-38.0732141, -12.6542005], [-38.0732305, -12.6542236], [-38.073238, -12.6542508], [-38.0732356, -12.6542788], [-38.0732235, -12.6543044], [-38.0732033, -12.6543245], [-38.0731773, -12.6543367], [-38.0731486, -12.6543395], [-38.0731206, -12.6543327], [-38.0730983, -12.6543185], [-38.0730817, -12.6542982], [-38.0730724, -12.6542738], [-38.0730715, -12.6542478], [-38.073079, -12.6542229], [-38.0730941, -12.6542015], [-38.0731153, -12.6541858]]]}}, {"type": "Feature", "id": "1137449806", "properties": {"landuse": "grass"}, "geometry": {"type": "Polygon", "coordinates": [[[-38.0734251, -12.6548211], [-38.0733891, -12.6547886], [-38.0733404, -12.6547832], [-38.0732973, -12.6547785], [-38.0731909, -12.6547667], [-38.0731505, -12.6547671], [-38.0731342, -12.654805], [-38.0730558, -12.6549871], [-38.0731068, -12.6550199], [-38.0731338, -12.6550357], [-38.0731458, -12.6550428], [-38.0737581, -12.6554012], [-38.0737958, -12.6554348], [-38.0738359, -12.6553612], [-38.0735533, -12.6551541], [-38.0732943, -12.6549597], [-38.0734251, -12.6548211]]]}}, {"type": "Feature", "id": "1137449807", "properties": {"building": "detached"}, "geometry": {"type": "Polygon", "coordinates": [[[-38.0725999, -12.6538911], [-38.0725304, -12.6538762], [-38.0725241, -12.653904], [-38.0725054, -12.6539], [-38.0724983, -12.6539318], [-38.0724695, -12.6539256], [-38.0724453, -12.654033], [-38.0724937, -12.6540434], [-38.0724924, -12.6540492], [-38.0724483, -12.6540398], [-38.0724189, -12.6541702], [-38.0725557, -12.6541996], [-38.0725852, -12.654069], [-38.0725522, -12.6540619], [-38.0725623, -12.6540172], [-38.0725918, -12.6540235], [-38.0726148, -12.6539217], [-38.072594, -12.6539172], [-38.0725999, -12.6538911]]]}}, {"type": "Feature", "id": "1137449808", "properties": {"highway": "footway"}, "geometry": {"type": "LineString", "coordinates": [[-38.0753848, -12.6532934], [-38.0752991, -12.6533904], [-38.0752544, -12.653448], [-38.0752042, -12.6535126], [-38.0750912, -12.6536712], [-38.0748233, -12.6539992], [-38.0746633, -12.6541991], [-38.0744526, -12.6544579], [-38.0743336, -12.654614], [-38.074279, -12.6546844], [-38.0742147, -12.6547053], [-38.0739025, -12.6545702], [-38.0738089, -12.6545169], [-38.0737914, -12.6544693], [-38.0737894, -12.6543627], [-38.0738167, -12.6542086], [-38.0739025, -12.6540849], [-38.0741951, -12.6537175], [-38.0746941, -12.653125], [-38.0747482, -12.6530647], [-38.0747833, -12.6530256]]}}, {"type": "Feature", "id": "1137449809", "properties": {"highway": "footway"}, "geometry": {"type": "LineString", "coordinates": [[-38.0752544, -12.653448], [-38.0750812, -12.6533171], [-38.0750145, -12.6532668], [-38.0749449, -12.653214], [-38.0747482, -12.6530647]]}}, {"type": "Feature", "id": "1137449810", "properties": {"highway": "footway"}, "geometry": {"type": "LineString", "coordinates": [[-38.0750812, -12.6533171], [-38.0751281, -12.6532577], [-38.0751447, -12.6532365], [-38.0752077, -12.6531559], [-38.0751367, -12.6531031], [-38.0750733, -12.6530559], [-38.0750166, -12.653126], [-38.0749968, -12.6531538], [-38.0749449, -12.653214]]}}, {"type": "Feature", "id": "1137450569", "properties": {"highway": "footway"}, "geometry": {"type": "Polygon", "coordinates": [[[-38.0732619, -12.6523778], [-38.0732315, -12.6523207], [-38.072883, -12.652174], [-38.0725502, -12.6520349], [-38.0723069, -12.6519315], [-38.0722347, -12.651922], [-38.072184, -12.6519525], [-38.0720201, -12.6521295], [-38.0718992, -12.6522589], [-38.0718387, -12.652316], [-38.0718075, -12.6523731], [-38.0718095, -12.6524264], [-38.0718348, -12.6524588], [-38.0720318, -12.6525368], [-38.0726601, -12.6527948], [-38.0730086, -12.6529347], [-38.0730668, -12.6529389], [-38.0730989, -12.6529067], [-38.0732301, -12.6524912], [-38.0732619, -12.6523778]]]}}, {"type": "Feature", "id": "1137450570", "properties": {"highway": "footway"}, "geometry": {"type": "LineString", "coordinates": [[-38.0733465, -12.6524064], [-38.0733011, -12.6523917], [-38.0732619, -12.6523778]]}}, {"type": "Feature", "id": "1137450571", "properties": {"highway": "footway"}, "geometry": {"type": "LineString", "coordinates": [[-38.0722347, -12.651922], [-38.0721855, -12.6518852], [-38.0721556, -12.6518536]]}}, {"type": "Feature", "id": "1137450572", "properties": {"highway": "footway"}, "geometry": {"type": "Polygon", "coordinates": [[[-38.0721556, -12.6518536], [-38.072155, -12.6518219], [-38.0720941, -12.6517019], [-38.0720402, -12.651612], [-38.0719601, -12.6514852], [-38.0717713, -12.6511786], [-38.071662, -12.6509919], [-38.0716021, -12.6509779], [-38.0714146, -12.651077], [-38.0710253, -12.6513145], [-38.0710136, -12.6513577], [-38.0710657, -12.6514314], [-38.0714211, -12.6517426], [-38.0718455, -12.6521301], [-38.0718885, -12.6521441], [-38.072007, -12.6520208], [-38.0721556, -12.6518536]]]}}, {"type": "Feature", "id": "1137450573", "properties": {"highway": "footway"}, "geometry": {"type": "LineString", "coordinates": [[-38.0714345, -12.6505751], [-38.071568, -12.6508252], [-38.0715524, -12.6508874], [-38.0714717, -12.6509471], [-38.0711501, -12.65113], [-38.0707895, -12.6513498], [-38.0703872, -12.6515759], [-38.0700565, -12.6517804], [-38.0696946, -12.6519748], [-38.0696086, -12.6520536], [-38.0695735, -12.6521844], [-38.0695891, -12.6523076], [-38.0696555, -12.6524448], [-38.0697675, -12.6525515], [-38.0699536, -12.6526201], [-38.0703572, -12.6527573], [-38.0709939, -12.6529758], [-38.0712478, -12.6530704]]}}, {"type": "Feature", "id": "1137647241", "properties": {"building": "roof"}, "geometry": {"type": "Polygon", "coordinates": [[[-38.0783529, -12.6466837], [-38.0783285, -12.6467067], [-38.0782875, -12.6466651], [-38.0783119, -12.6466422], [-38.0783529, -12.6466837]]]}}, {"type": "Feature", "id": "1137692214", "properties": {"landuse": "village_green"}, "geometry": {"type": "Polygon", "coordinates": [[[-38.0730499, -12.649052], [-38.0729916, -12.6491144], [-38.0729173, -12.6491377], [-38.0729816, -12.6491624], [-38.0730616, -12.6492633], [-38.073087, -12.6493394], [-38.0734732, -12.6494555], [-38.0736244, -12.6494606], [-38.0737229, -12.6494517], [-38.0737463, -12.6493699], [-38.0737112, -12.6492766], [-38.0735649, -12.6492024], [-38.0733893, -12.6492043], [-38.0732021, -12.6492157], [-38.0730948, -12.6492062], [-38.073048, -12.64917], [-38.0730206, -12.6491282], [-38.0730499, -12.649052]]]}}, {"type": "Feature", "id": "1137692217", "properties": {"building": "toilets"}, "geometry": {"type": "Polygon", "coordinates": [[[-38.0727417, -12.6483091], [-38.0727836, -12.6484064], [-38.0727397, -12.6484204], [-38.0727, -12.6483304], [-38.0727417, -12.6483091]]]}}, {"type": "Feature", "id": "1137692218", "properties": {"building": "yes"}, "geometry": {"type": "Polygon", "coordinates": [[[-38.0729192, -12.6481997], [-38.0728469, -12.6482404], [-38.0728111, -12.6481799], [-38.0728835, -12.6481392], [-38.0729192, -12.6481997]]]}}, {"type": "Feature", "id": "1137692220", "properties": {"landuse": "grass"}, "geometry": {"type": "Polygon", "coordinates": [[[-38.0772551, -12.6493853], [-38.077022, -12.6493116], [-38.0769296, -12.64945], [-38.0767816, -12.6494751], [-38.0767216, -12.6494341], [-38.0767933, -12.6493476], [-38.0768552, -12.6493521], [-38.0769063, -12.6493401], [-38.0769682, -12.6492434], [-38.0769403, -12.649192], [-38.0769771, -12.6491362], [-38.0771086, -12.6492541], [-38.0772551, -12.6493853]]]}}, {"type": "Feature", "id": "1137692223", "properties": {"landuse": "retail", "name": "Estação Guarajuba Ecopoint"}, "geometry": {"type": "Polygon", "coordinates": [[[-38.0725249, -12.6482338], [-38.0722756, -12.6483763], [-38.0724336, -12.6486961], [-38.0727368, -12.6489537], [-38.0728206, -12.6488714], [-38.0728426, -12.6488476], [-38.0728115, -12.6487948], [-38.0725249, -12.6482338]]]}}, {"type": "Feature", "id": "1137692224", "properties": {"building": "yes"}, "geometry": {"type": "Polygon", "coordinates": [[[-38.0729377, -12.6485698], [-38.0728695, -12.6486042], [-38.0728324, -12.6485343], [-38.0729006, -12.6484999], [-38.0729377, -12.6485698]]]}}, {"type": "Feature", "id": "1137692225", "properties": {"building": "retail"}, "geometry": {"type": "Polygon", "coordinates": [[[-38.0726529, -12.6482371], [-38.0727, -12.6483304], [-38.0727397, -12.6484204], [-38.0726719, -12.6484503], [-38.0725856, -12.6482677], [-38.0726529, -12.6482371]]]}}, {"type": "Feature", "id": "1137692226", "properties": {"building": "yes"}, "geometry": {"type": "Polygon", "coordinates": [[[-38.0727397, -12.6484204], [-38.0727809, -12.6485138], [-38.0727125, -12.6485424], [-38.0726719, -12.6484503], [-38.0727397, -12.6484204]]]}}, {"type": "Feature", "id": "1137692227", "properties": {"building": "retail"}, "geometry": {"type": "Polygon", "coordinates": [[[-38.0727809, -12.6485138], [-38.07281, -12.6485803], [-38.0727415, -12.6486087], [-38.0727125, -12.6485424], [-38.0727809, -12.6485138]]]}}, {"type": "Feature", "id": "1137692228", "properties": {"building": "retail"}, "geometry": {"type": "Polygon", "coordinates": [[[-38.07281, -12.6485803], [-38.0728496, -12.6486711], [-38.0727803, -12.6486994], [-38.0727415, -12.6486087], [-38.07281, -12.6485803]]]}}, {"type": "Feature", "id": "1137692229", "properties": {"leisure": "outdoor_seating"}, "geometry": {"type": "Polygon", "coordinates": [[[-38.0729905, -12.6480823], [-38.0729786, -12.6482417], [-38.0730928, -12.6481881], [-38.0734537, -12.6480209], [-38.0733393, -12.6479536], [-38.0731821, -12.6480184], [-38.0731194, -12.6480393], [-38.0729905, -12.6480823]]]}}, {"type": "Feature", "id": "1137692230", "properties": {"highway": "footway"}, "geometry": {"type": "LineString", "coordinates": [[-38.073029, -12.6480366], [-38.0731194, -12.6480393], [-38.0731821, -12.6480184], [-38.0732744, -12.6479838], [-38.0733393, -12.6479536], [-38.0733792, -12.6479231], [-38.0734626, -12.6478456], [-38.0735641, -12.6477732], [-38.0736341, -12.6477466], [-38.0736684, -12.6477336], [-38.0736813, -12.6477287], [-38.0737685, -12.6477033], [-38.0738623, -12.6477046], [-38.0739492, -12.6477079], [-38.0739964, -12.6477097], [-38.0740159, -12.6477101], [-38.0741226, -12.6477122], [-38.0742424, -12.6476982], [-38.0743815, -12.6476824]]}}, {"type": "Feature", "id": "1137692232", "properties": {"landuse": "grass"}, "geometry": {"type": "Polygon", "coordinates": [[[-38.0751516, -12.6471112], [-38.0751667, -12.6470931], [-38.0751615, -12.6470754], [-38.0751401, -12.6470518], [-38.0751112, -12.647037], [-38.0750815, -12.6470283], [-38.0750535, -12.6470339], [-38.0750421, -12.6470387], [-38.0750363, -12.6470422], [-38.0750277, -12.6470419], [-38.0750172, -12.6470387], [-38.075009, -12.6470372], [-38.0750022, -12.6470399], [-38.0749967, -12.6470455], [-38.0749921, -12.6470509], [-38.074985, -12.6470539], [-38.0749791, -12.6470522], [-38.0749855, -12.647063], [-38.0750401, -12.6471251], [-38.0750655, -12.6471794], [-38.0750849, -12.6472526], [-38.0750692, -12.6472919], [-38.0750104, -12.6473553], [-38.074974, -12.6474097], [-38.0749731, -12.6474417], [-38.0749634, -12.6474597], [-38.0749732, -12.6474568], [-38.0751832, -12.6472262], [-38.0751606, -12.6472067], [-38.0751019, -12.6471704], [-38.0750888, -12.6471455], [-38.0750895, -12.647124], [-38.0751116, -12.6471065], [-38.0751516, -12.6471112]]]}}, {"type": "Feature", "id": "1137692237", "properties": {"landuse": "grass"}, "geometry": {"type": "Polygon", "coordinates": [[[-38.0739053, -12.6481651], [-38.0739859, -12.6480968], [-38.0741669, -12.6479876], [-38.0744038, -12.6478783], [-38.0747957, -12.6477449], [-38.0750142, -12.6476569], [-38.07506, -12.6476636], [-38.0750704, -12.6477024], [-38.0750302, -12.6477027], [-38.0750033, -12.6477029], [-38.0748039, -12.6477847], [-38.0744245, -12.6479404], [-38.0742563, -12.6480094], [-38.0740068, -12.648149], [-38.0739053, -12.6481651]]]}}, {"type": "Feature", "id": "1137692238", "properties": {"highway": "footway"}, "geometry": {"type": "LineString", "coordinates": [[-38.0740159, -12.6477101], [-38.0740376, -12.6477376], [-38.074048, -12.6477757], [-38.0740428, -12.6478071], [-38.0740309, -12.6478348]]}}, {"type": "Feature", "id": "1137692239", "properties": {"highway": "footway"}, "geometry": {"type": "LineString", "coordinates": [[-38.0739492, -12.6477079], [-38.0739177, -12.6477333], [-38.0739046, -12.6477554], [-38.0739055, -12.6477859], [-38.0739185, -12.647819], [-38.073935, -12.6478486], [-38.0739524, -12.6478588], [-38.0739919, -12.6478591]]}}, {"type": "Feature", "id": "1137692240", "properties": {"landuse": "grass"}, "geometry": {"type": "Polygon", "coordinates": [[[-38.0736118, -12.6477003], [-38.0736341, -12.6477466], [-38.0735641, -12.6477732], [-38.0734626, -12.6478456], [-38.0733792, -12.6479231], [-38.0734429, -12.6478457], [-38.073491, -12.6477901], [-38.0735475, -12.6477359], [-38.0736118, -12.6477003]]]}}, {"type": "Feature", "id": "1137692242", "properties": {"landuse": "grass"}, "geometry": {"type": "Polygon", "coordinates": [[[-38.0729661, -12.6480179], [-38.0730301, -12.6480182], [-38.0731125, -12.6480118], [-38.0731445, -12.64801], [-38.0731821, -12.6480184], [-38.0731194, -12.6480393], [-38.0729905, -12.6480823], [-38.0729847, -12.6480371], [-38.0729661, -12.6480179]]]}}, {"type": "Feature", "id": "1137692245", "properties": {"highway": "footway"}, "geometry": {"type": "LineString", "coordinates": [[-38.0736684, -12.6477336], [-38.0737102, -12.6478016], [-38.0737165, -12.6478118], [-38.0737582, -12.647912], [-38.0737835, -12.6479858]]}}, {"type": "Feature", "id": "1137692246", "properties": {"highway": "footway"}, "geometry": {"type": "LineString", "coordinates": [[-38.0737102, -12.6478016], [-38.0736456, -12.6478228]]}}, {"type": "Feature", "id": "1137692247", "properties": {"highway": "footway"}, "geometry": {"type": "LineString", "coordinates": [[-38.0736456, -12.6478228], [-38.073547, -12.6478493]]}}, {"type": "Feature", "id": "1137692249", "properties": {"highway": "footway"}, "geometry": {"type": "LineString", "coordinates": [[-38.0737302, -12.6480282], [-38.0737119, -12.6479782], [-38.0736941, -12.64794], [-38.073666, -12.6479154], [-38.0736284, -12.6479064], [-38.0736011, -12.6479222], [-38.0735698, -12.64799], [-38.073558, -12.6480149], [-38.0735439, -12.648043]]}}, {"type": "Feature", "id": "1137740584", "properties": {"highway": "footway"}, "geometry": {"type": "LineString", "coordinates": [[-38.076055, -12.6469081], [-38.0760545, -12.6468719]]}}, {"type": "Feature", "id": "1137740585", "properties": {"highway": "footway"}, "geometry": {"type": "LineString", "coordinates": [[-38.0760545, -12.6468719], [-38.0760549, -12.6468356]]}}, {"type": "Feature", "id": "1137740586", "properties": {"highway": "footway"}, "geometry": {"type": "Polygon", "coordinates": [[[-38.0760549, -12.6468356], [-38.0759642, -12.6468337], [-38.0759261, -12.6468347], [-38.075892, -12.646827], [-38.0758705, -12.6467966], [-38.0758669, -12.6467494], [-38.0758647, -12.6467214], [-38.0758695, -12.6465701], [-38.0758775, -12.646272], [-38.0758793, -12.6462027], [-38.0758892, -12.6459065], [-38.075891, -12.6458516], [-38.0758969, -12.6457583], [-38.075929, -12.6457307], [-38.075978, -12.645755], [-38.0760613, -12.6458385], [-38.0761819, -12.6459695], [-38.0765016, -12.6463036], [-38.076879, -12.6466586], [-38.0769054, -12.6466891], [-38.0769024, -12.646729], [-38.0768576, -12.6467795], [-38.0767932, -12.6468318], [-38.0766596, -12.6468309], [-38.076365, -12.6468309], [-38.0760549, -12.6468356]]]}}, {"type": "Feature", "id": "1137740587", "properties": {"highway": "footway"}, "geometry": {"type": "Polygon", "coordinates": [[[-38.0758005, -12.6462505], [-38.0757835, -12.6462147], [-38.0757483, -12.6461991], [-38.0757, -12.646198], [-38.0754944, -12.6461931], [-38.0751819, -12.6461943], [-38.0748466, -12.6461953], [-38.0746769, -12.6461934], [-38.0746108, -12.6461916], [-38.0745355, -12.6461896], [-38.0745062, -12.6462067], [-38.0745014, -12.64624], [-38.0746486, -12.6464066], [-38.0749237, -12.6467083], [-38.0750085, -12.6468006], [-38.0750641, -12.6468263], [-38.0753782, -12.6468301], [-38.075446, -12.6468288], [-38.0755284, -12.6468272], [-38.0757157, -12.6468253], [-38.0757693, -12.6467996], [-38.075783, -12.646752], [-38.0757869, -12.6465655], [-38.0757995, -12.6462738], [-38.0758005, -12.6462505]]]}}, {"type": "Feature", "id": "1137740588", "properties": {"landuse": "grass"}, "geometry": {"type": "Polygon", "coordinates": [[[-38.07376, -12.6459036], [-38.0737266, -12.6459113], [-38.0736884, -12.6459147], [-38.0736493, -12.64591], [-38.0736162, -12.6458837], [-38.0736088, -12.6458447], [-38.0736141, -12.6458032], [-38.0736219, -12.6457659], [-38.07376, -12.6459036]]]}}, {"type": "Feature", "id": "1137740589", "properties": {"highway": "footway"}, "geometry": {"type": "Polygon", "coordinates": [[[-38.0758406, -12.645617], [-38.0757817, -12.6455557], [-38.0757215, -12.6454931], [-38.0755093, -12.6454948], [-38.0753882, -12.6454957], [-38.0747626, -12.6454944], [-38.0742776, -12.6454931], [-38.0737106, -12.6454874], [-38.0734929, -12.6454855], [-38.0734698, -12.6454982], [-38.0734613, -12.6455281], [-38.0734695, -12.6455457], [-38.0735349, -12.6456106], [-38.0736878, -12.6457536], [-38.0739313, -12.6459987], [-38.0740452, -12.6461086], [-38.0742464, -12.6461156], [-38.0745009, -12.6461124], [-38.0746157, -12.6461143], [-38.0748589, -12.6461182], [-38.0751356, -12.6461182], [-38.075521, -12.6461226], [-38.0757592, -12.6461309], [-38.0757963, -12.6461105], [-38.0758093, -12.6460629], [-38.0758215, -12.6459054], [-38.0758302, -12.6457936], [-38.0758406, -12.645617]]]}}, {"type": "Feature", "id": "1137740590", "properties": {"highway": "footway"}, "geometry": {"type": "LineString", "coordinates": [[-38.0734952, -12.6453975], [-38.0734929, -12.645451], [-38.0734929, -12.6454855]]}}, {"type": "Feature", "id": "1137740591", "properties": {"highway": "footway"}, "geometry": {"type": "LineString", "coordinates": [[-38.0755864, -12.6454039], [-38.0755707, -12.6454244], [-38.075513, -12.6454224], [-38.075163, -12.6454101], [-38.0745777, -12.6454072], [-38.0741437, -12.645413], [-38.0738258, -12.6454072], [-38.0734952, -12.6453975], [-38.0734585, -12.6453826], [-38.0734504, -12.6453658], [-38.0734534, -12.6453414]]}}, {"type": "Feature", "id": "1137740592", "properties": {"highway": "footway"}, "geometry": {"type": "LineString", "coordinates": [[-38.0734534, -12.6453414], [-38.0735205, -12.645274], [-38.0736362, -12.6451667], [-38.0738236, -12.6449774], [-38.0738503, -12.6449348], [-38.0738666, -12.6448739], [-38.073877, -12.6448294], [-38.0738933, -12.6448116], [-38.0739434, -12.644797], [-38.0741713, -12.6447913], [-38.074457, -12.644783], [-38.0748333, -12.6447741], [-38.0749628, -12.6447735], [-38.0750298, -12.6448385], [-38.0751724, -12.6449768], [-38.0753944, -12.6451953], [-38.0755864, -12.6454039]]}}, {"type": "Feature", "id": "1137740593", "properties": {"highway": "footway"}, "geometry": {"type": "LineString", "coordinates": [[-38.0734208, -12.6453108], [-38.0734404, -12.645328], [-38.0734534, -12.6453414]]}}, {"type": "Feature", "id": "1137740594", "properties": {"building": "detached"}, "geometry": {"type": "Polygon", "coordinates": [[[-38.074519, -12.6450952], [-38.0743817, -12.6450935], [-38.0743797, -12.6452498], [-38.074454, -12.6452508], [-38.0744543, -12.6452251], [-38.0745173, -12.6452258], [-38.074519, -12.6450952]]]}}, {"type": "Feature", "id": "1137740595", "properties": {"highway": "footway"}, "geometry": {"type": "LineString", "coordinates": [[-38.0734208, -12.6453108], [-38.0734898, -12.6452447], [-38.0735656, -12.6451588], [-38.0736367, -12.6450848], [-38.0737662, -12.644961], [-38.0737966, -12.6449259], [-38.0738096, -12.6448835], [-38.0738161, -12.6448292], [-38.0738192, -12.6447436], [-38.0738266, -12.6446117], [-38.0738266, -12.6444858], [-38.0738326, -12.6444311], [-38.0738713, -12.6443718], [-38.0739517, -12.644287], [-38.0740777, -12.644173], [-38.0741967, -12.6440742], [-38.0742323, -12.6440475], [-38.0742384, -12.6440356], [-38.0742363, -12.6440199], [-38.0742019, -12.6439796], [-38.0740842, -12.6438605], [-38.073943, -12.6437224], [-38.073863, -12.6436396], [-38.0737977, -12.6435853], [-38.0737518, -12.6435672], [-38.0736933, -12.6435558], [-38.0736351, -12.6435555], [-38.0735847, -12.6435678], [-38.0735356, -12.643589], [-38.0734722, -12.6436492], [-38.0733406, -12.6437797], [-38.0731797, -12.6439459], [-38.0731315, -12.6439968], [-38.0731229, -12.644296], [-38.0731141, -12.6445758], [-38.0731063, -12.6446595], [-38.0730888, -12.6447119], [-38.0730449, -12.6447699], [-38.0729571, -12.6448603], [-38.0728966, -12.6449232], [-38.0727673, -12.6450497], [-38.0726999, -12.6451163], [-38.072693, -12.6451231], [-38.0726421, -12.6451735], [-38.0726061, -12.6452062], [-38.0725696, -12.6452337], [-38.072534, -12.6452481], [-38.0724962, -12.6452494], [-38.072451, -12.6452367], [-38.0724132, -12.6452104], [-38.0723762, -12.6451852], [-38.0723315, -12.6452279], [-38.0721637, -12.6450611], [-38.0722104, -12.6450163], [-38.0721036, -12.6449131], [-38.0720895, -12.6449016]]}}, {"type": "Feature", "id": "1137740596", "properties": {"highway": "footway"}, "geometry": {"type": "LineString", "coordinates": [[-38.0723762, -12.6451852], [-38.0723254, -12.6451307], [-38.0722655, -12.6450705], [-38.0722104, -12.6450163]]}}, {"type": "Feature", "id": "1137740597", "properties": {"highway": "footway"}, "geometry": {"type": "LineString", "coordinates": [[-38.0758775, -12.646272], [-38.0758369, -12.6462729], [-38.0757995, -12.6462738]]}}, {"type": "Feature", "id": "1137740598", "properties": {"highway": "footway"}, "geometry": {"type": "LineString", "coordinates": [[-38.0758892, -12.6459065], [-38.0758523, -12.6459059], [-38.0758215, -12.6459054]]}}, {"type": "Feature", "id": "1137740599", "properties": {"highway": "footway"}, "geometry": {"type": "LineString", "coordinates": [[-38.0746108, -12.6461916], [-38.0746141, -12.64614], [-38.0746157, -12.6461143]]}}, {"type": "Feature", "id": "1138728859", "properties": {"highway": "trunk", "name": "Estrada do Coco"}, "geometry": {"type": "LineString", "coordinates": [[-38.0779195, -12.6459271], [-38.0785468, -12.6465171], [-38.0789392, -12.6468734], [-38.0791184, -12.6470189], [-38.0792746, -12.6471489], [-38.0794884, -12.6473223]]}}, {"type": "Feature", "id": "1138729022", "properties": {"highway": "trunk", "name": "Estrada do Coco"}, "geometry": {"type": "LineString", "coordinates": [[-38.0804324, -12.6482899], [-38.0802213, -12.6481126], [-38.0798302, -12.6477736], [-38.0795702, -12.647561], [-38.0789951, -12.6470881], [-38.0782623, -12.6464448], [-38.0779618, -12.6461438], [-38.0776823, -12.6458896]]}}, {"type": "Feature", "id": "1139743807", "properties": {"building": "yes"}, "geometry": {"type": "Polygon", "coordinates": [[[-38.0652971, -12.6463798], [-38.0652785, -12.6464446], [-38.0652026, -12.6464238], [-38.0652088, -12.6464019], [-38.0651849, -12.6463954], [-38.0651972, -12.6463525], [-38.0652971, -12.6463798]]]}}, {"type": "Feature", "id": "1139743808", "properties": {"building": "yes"}, "geometry": {"type": "Polygon", "coordinates": [[[-38.0652294, -12.6464472], [-38.065173, -12.6464268], [-38.0651407, -12.6465119], [-38.0651781, -12.6465254], [-38.0651899, -12.6464943], [-38.065209, -12.6465012], [-38.0652294, -12.6464472]]]}}, {"type": "Feature", "id": "1139771794", "properties": {"highway": "tertiary", "name": "Alameda Humaitá"}, "geometry": {"type": "LineString", "coordinates": [[-38.0713684, -12.6496942], [-38.0713903, -12.649683], [-38.0714095, -12.6496731], [-38.0714911, -12.6496298], [-38.0715587, -12.6496059], [-38.0716206, -12.6495943]]}}, {"type": "Feature", "id": "1139771795", "properties": {"building": "yes"}, "geometry": {"type": "Polygon", "coordinates": [[[-38.0703499, -12.6495108], [-38.0704011, -12.6496028], [-38.0702587, -12.6496782], [-38.0702475, -12.649658], [-38.070176, -12.6496958], [-38.0701513, -12.6496513], [-38.0702063, -12.6496222], [-38.0701911, -12.649595], [-38.0703499, -12.6495108]]]}}, {"type": "Feature", "id": "1139771796", "properties": {"building": "yes"}, "geometry": {"type": "Polygon", "coordinates": [[[-38.0703491, -12.6500612], [-38.0703658, -12.6500874], [-38.07033, -12.6501093], [-38.0703438, -12.6501307], [-38.0702932, -12.6501615], [-38.0701888, -12.6499985], [-38.0702496, -12.6499614], [-38.0702635, -12.6499832], [-38.0702887, -12.6499678], [-38.0703146, -12.6500081], [-38.0702774, -12.6500309], [-38.0703115, -12.6500841], [-38.0703491, -12.6500612]]]}}, {"type": "Feature", "id": "1139771797", "properties": {"building": "yes"}, "geometry": {"type": "Polygon", "coordinates": [[[-38.0705362, -12.6498936], [-38.0704377, -12.6499482], [-38.0703782, -12.6498461], [-38.0704767, -12.6497914], [-38.0705362, -12.6498936]]]}}, {"type": "Feature", "id": "1139771798", "properties": {"building": "yes"}, "geometry": {"type": "Polygon", "coordinates": [[[-38.069331, -12.650503], [-38.0692823, -12.6505118], [-38.0692726, -12.650461], [-38.0691743, -12.6504788], [-38.0691792, -12.6505041], [-38.0691306, -12.6505129], [-38.0691512, -12.6506214], [-38.0693207, -12.6505907], [-38.0693138, -12.650554], [-38.0693398, -12.6505493], [-38.069331, -12.650503]]]}}, {"type": "Feature", "id": "1139771799", "properties": {"highway": "footway"}, "geometry": {"type": "Polygon", "coordinates": [[[-38.0687325, -12.6500583], [-38.0687591, -12.6500966], [-38.0687625, -12.6501329], [-38.0687532, -12.650166], [-38.0687259, -12.6501979], [-38.0686953, -12.6502173], [-38.0685702, -12.6502355], [-38.0683394, -12.6502686], [-38.0680201, -12.6503153], [-38.0678658, -12.6503342], [-38.0677979, -12.6503283], [-38.0677094, -12.6503082], [-38.0676123, -12.6502667], [-38.0674853, -12.650203], [-38.0672877, -12.6500992], [-38.066995, -12.6499519], [-38.0669099, -12.6499058], [-38.0668866, -12.649885], [-38.0668766, -12.6498571], [-38.0668932, -12.6498143], [-38.0670056, -12.6496001], [-38.067148, -12.64938], [-38.0672092, -12.6492768], [-38.0672278, -12.6492574], [-38.0672538, -12.649245], [-38.0672864, -12.6492405], [-38.0672987, -12.6492463], [-38.0673649, -12.6492775], [-38.0676682, -12.6494307], [-38.0678087, -12.6494992], [-38.067909, -12.6495481], [-38.0681232, -12.6496643], [-38.0683048, -12.6497552], [-38.0684079, -12.6498078], [-38.0685237, -12.6498655], [-38.0685835, -12.6499012], [-38.0686328, -12.6499506], [-38.0686979, -12.65002], [-38.0687325, -12.6500583]]]}}, {"type": "Feature", "id": "1139771800", "properties": {"highway": "footway"}, "geometry": {"type": "LineString", "coordinates": [[-38.0678447, -12.6494402], [-38.0678194, -12.6494816], [-38.0678087, -12.6494992]]}}, {"type": "Feature", "id": "1139771801", "properties": {"highway": "footway"}, "geometry": {"type": "LineString", "coordinates": [[-38.0673361, -12.6491842], [-38.0673123, -12.6492227], [-38.0672987, -12.6492463]]}}, {"type": "Feature", "id": "1139771802", "properties": {"highway": "footway"}, "geometry": {"type": "LineString", "coordinates": [[-38.0678323, -12.6492739], [-38.0678678, -12.649291], [-38.0679094, -12.6493108]]}}, {"type": "Feature", "id": "1139771803", "properties": {"highway": "footway"}, "geometry": {"type": "LineString", "coordinates": [[-38.0723676, -12.6484133], [-38.0724812, -12.6483539], [-38.0726347, -12.6485718], [-38.0726557, -12.6486253], [-38.07267, -12.6487023]]}}, {"type": "Feature", "id": "1140356563", "properties": {"highway": "footway"}, "geometry": {"type": "LineString", "coordinates": [[-38.0720895, -12.6449016], [-38.0719614, -12.6450228], [-38.071956, -12.6450279]]}}, {"type": "Feature", "id": "1144989516", "properties": {"building": "yes"}, "geometry": {"type": "Polygon", "coordinates": [[[-38.0758206, -12.6476548], [-38.075866, -12.647735], [-38.0757761, -12.6477835], [-38.0757007, -12.6476505], [-38.0756333, -12.6476868], [-38.0755684, -12.6475722], [-38.0755331, -12.6475912], [-38.0755099, -12.6475502], [-38.0755362, -12.6475361], [-38.0755514, -12.6475629], [-38.0756082, -12.6475322], [-38.0756352, -12.6475798], [-38.0756692, -12.6475615], [-38.0757134, -12.6476397], [-38.0757457, -12.6476223], [-38.0757773, -12.6476781], [-38.0758206, -12.6476548]]]}}, {"type": "Feature", "id": "1144989517", "properties": {"building": "apartments"}, "geometry": {"type": "Polygon", "coordinates": [[[-38.0762421, -12.6480317], [-38.0763121, -12.6480891], [-38.0762609, -12.6481485], [-38.0763286, -12.6482041], [-38.0763649, -12.648162], [-38.0763978, -12.648189], [-38.0763624, -12.6482301], [-38.0763852, -12.6482488], [-38.0763396, -12.6483017], [-38.0763198, -12.6482854], [-38.0762958, -12.6483133], [-38.0761097, -12.6481606], [-38.0762144, -12.648039], [-38.0762269, -12.6480493], [-38.0762421, -12.6480317]]]}}, {"type": "Feature", "id": "1144989518", "properties": {"building": "yes"}, "geometry": {"type": "Polygon", "coordinates": [[[-38.0765074, -12.6483584], [-38.0764675, -12.6483223], [-38.0764497, -12.648341], [-38.0764191, -12.6483132], [-38.0763755, -12.6483591], [-38.0763908, -12.648373], [-38.0764147, -12.6483478], [-38.0764317, -12.6483632], [-38.0764222, -12.6483732], [-38.0764459, -12.6483947], [-38.0764344, -12.6484068], [-38.0764506, -12.6484215], [-38.0764675, -12.6484036], [-38.0764787, -12.6484138], [-38.0764991, -12.6483923], [-38.0764862, -12.6483807], [-38.0765074, -12.6483584]]]}}, {"type": "Feature", "id": "1144989519", "properties": {"building": "yes"}, "geometry": {"type": "Polygon", "coordinates": [[[-38.0767731, -12.6483545], [-38.0767396, -12.6483922], [-38.0766301, -12.6482994], [-38.0766637, -12.6482617], [-38.0767731, -12.6483545]]]}}, {"type": "Feature", "id": "1144990197", "properties": {"building": "yes"}, "geometry": {"type": "Polygon", "coordinates": [[[-38.079505, -12.651091], [-38.0797261, -12.650878], [-38.0796418, -12.6507947], [-38.0795702, -12.6508637], [-38.0795864, -12.6508797], [-38.0794369, -12.6510237], [-38.079505, -12.651091]]]}}, {"type": "Feature", "id": "1144990198", "properties": {"building": "yes"}, "geometry": {"type": "Polygon", "coordinates": [[[-38.0786821, -12.6503816], [-38.0785938, -12.6503183], [-38.0785213, -12.6504147], [-38.0786096, -12.6504779], [-38.0786821, -12.6503816]]]}}, {"type": "Feature", "id": "1144990199", "properties": {"building": "yes"}, "geometry": {"type": "Polygon", "coordinates": [[[-38.07905, -12.650483], [-38.0789895, -12.6505708], [-38.0788838, -12.6505015], [-38.0789443, -12.6504137], [-38.07905, -12.650483]]]}}, {"type": "Feature", "id": "1144990200", "properties": {"building": "yes"}, "geometry": {"type": "Polygon", "coordinates": [[[-38.0794989, -12.650002], [-38.0793783, -12.6499004], [-38.0793094, -12.6499782], [-38.0794301, -12.6500799], [-38.0794989, -12.650002]]]}}, {"type": "Feature", "id": "1144990201", "properties": {"building": "yes"}, "geometry": {"type": "Polygon", "coordinates": [[[-38.0795676, -12.6499788], [-38.0794832, -12.6500805], [-38.0796202, -12.6501887], [-38.0797046, -12.6500871], [-38.0795676, -12.6499788]]]}}, {"type": "Feature", "id": "1144990202", "properties": {"building": "yes"}, "geometry": {"type": "Polygon", "coordinates": [[[-38.0797883, -12.6502406], [-38.0797046, -12.650172], [-38.0796906, -12.6501882], [-38.0796717, -12.6501727], [-38.0796344, -12.650216], [-38.0796413, -12.6502328], [-38.0796172, -12.6502606], [-38.079603, -12.6502489], [-38.0795589, -12.6502999], [-38.079571, -12.6503099], [-38.0795418, -12.6503436], [-38.0795303, -12.6503341], [-38.0794909, -12.6503797], [-38.079506, -12.650392], [-38.0794956, -12.6504041], [-38.0795846, -12.6504771], [-38.0797883, -12.6502406]]]}}, {"type": "Feature", "id": "1144990203", "properties": {"building": "yes"}, "geometry": {"type": "Polygon", "coordinates": [[[-38.0800266, -12.6502711], [-38.0799935, -12.6503102], [-38.0798548, -12.6502012], [-38.0798881, -12.6501576], [-38.0800266, -12.6502711]]]}}, {"type": "Feature", "id": "1144990204", "properties": {"building": "yes"}, "geometry": {"type": "Polygon", "coordinates": [[[-38.0799935, -12.6503102], [-38.0799605, -12.6503502], [-38.0798218, -12.6502412], [-38.0798548, -12.6502012], [-38.0799935, -12.6503102]]]}}, {"type": "Feature", "id": "1144990205", "properties": {"building": "yes"}, "geometry": {"type": "Polygon", "coordinates": [[[-38.0799134, -12.6506351], [-38.0798521, -12.6506154], [-38.0798352, -12.6506654], [-38.0798965, -12.6506851], [-38.0799134, -12.6506351]]]}}, {"type": "Feature", "id": "1144990206", "properties": {"building": "yes"}, "geometry": {"type": "Polygon", "coordinates": [[[-38.0798733, -12.6503746], [-38.0798167, -12.6503338], [-38.0797217, -12.650459], [-38.0797783, -12.6504999], [-38.0798733, -12.6503746]]]}}, {"type": "Feature", "id": "1145233203", "properties": {"building": "service"}, "geometry": {"type": "Polygon", "coordinates": [[[-38.075937, -12.647536], [-38.0759365, -12.6475748], [-38.0759021, -12.6475744], [-38.0759026, -12.6475356], [-38.075937, -12.647536]]]}}, {"type": "Feature", "id": "1145233205", "properties": {"highway": "residential", "name": "Rua A"}, "geometry": {"type": "LineString", "coordinates": [[-38.0759597, -12.6476271], [-38.0759261, -12.6476093], [-38.0758925, -12.6475915], [-38.0758441, -12.6475548], [-38.0757871, -12.6475027], [-38.0757654, -12.6474556], [-38.0757555, -12.6474078]]}}, {"type": "Feature", "id": "1219401763", "properties": {"highway": "tertiary", "name": "Alameda Humaitá"}, "geometry": {"type": "LineString", "coordinates": [[-38.0763374, -12.6473585], [-38.0768768, -12.6474337], [-38.0771467, -12.6474645], [-38.0772517, -12.6474739], [-38.0773641, -12.6474764], [-38.0774559, -12.647467], [-38.0775319, -12.6474521], [-38.0776455, -12.6474237], [-38.0777535, -12.6473832]]}}, {"type": "Feature", "id": "1222385978", "properties": {"building": "yes"}, "geometry": {"type": "Polygon", "coordinates": [[[-38.0788085, -12.6477153], [-38.0786861, -12.6476191], [-38.0786074, -12.6477144], [-38.0787297, -12.6478106], [-38.0788085, -12.6477153]]]}}, {"type": "Feature", "id": "1227705139", "properties": {"highway": "footway"}, "geometry": {"type": "LineString", "coordinates": [[-38.0776898, -12.6462763], [-38.0774829, -12.6460617], [-38.0773879, -12.6459629], [-38.0773132, -12.6458851], [-38.0771964, -12.6457635], [-38.0770022, -12.6455719], [-38.0769405, -12.6455132], [-38.0768725, -12.6454484], [-38.0768349, -12.6454123], [-38.0767718, -12.6453504], [-38.0766535, -12.6452343], [-38.0764684, -12.6450467], [-38.0763975, -12.6449748], [-38.0762505, -12.6448257], [-38.0761363, -12.6447098], [-38.0761045, -12.6446861], [-38.0760635, -12.6446743], [-38.0760073, -12.6446602], [-38.0759656, -12.6446469], [-38.075918, -12.6446351], [-38.0758758, -12.6446204], [-38.0758402, -12.6445979], [-38.0758327, -12.6445908], [-38.0757081, -12.6444722], [-38.0756868, -12.6444519]]}}, {"type": "Feature", "id": "1227705140", "properties": {"highway": "footway"}, "geometry": {"type": "LineString", "coordinates": [[-38.0776345, -12.6473902], [-38.077752, -12.6473446], [-38.0779501, -12.6472706]]}}, {"type": "Feature", "id": "1236400192", "properties": {"building": "roof"}, "geometry": {"type": "Polygon", "coordinates": [[[-38.0799487, -12.6475713], [-38.0799203, -12.6475478], [-38.0799453, -12.6475191], [-38.0799737, -12.6475426], [-38.0799487, -12.6475713]]]}}, {"type": "Feature", "id": "1242694637", "properties": {"highway": "tertiary_link"}, "geometry": {"type": "LineString", "coordinates": [[-38.0783219, -12.6474433], [-38.0782897, -12.6474164], [-38.0782688, -12.6473789], [-38.0782597, -12.6473402], [-38.0782571, -12.647286], [-38.078265, -12.6472554], [-38.0782789, -12.647223]]}}, {"type": "Feature", "id": "1242694638", "properties": {"highway": "tertiary_link"}, "geometry": {"type": "LineString", "coordinates": [[-38.0719275, -12.6497552], [-38.0718404, -12.6497922], [-38.0717766, -12.6497904], [-38.0717326, -12.6497677], [-38.071702, -12.6497355], [-38.0716869, -12.6496854], [-38.071696, -12.6496293], [-38.0717325, -12.6495864]]}}, {"type": "Feature", "id": "1242694639", "properties": {"landuse": "grass"}, "geometry": {"type": "Polygon", "coordinates": [[[-38.0718385, -12.6498222], [-38.0716842, -12.6499595], [-38.0716907, -12.6498444], [-38.071664, -12.6497794], [-38.0716247, -12.6497254], [-38.0715749, -12.6496907], [-38.0715079, -12.6496599], [-38.0716683, -12.649618], [-38.0716493, -12.649672], [-38.0716587, -12.6497252], [-38.0716832, -12.6497725], [-38.0717241, -12.6498125], [-38.0717646, -12.6498218], [-38.0718385, -12.6498222]]]}}, {"type": "Feature", "id": "1242694640", "properties": {"landuse": "grass"}, "geometry": {"type": "Polygon", "coordinates": [[[-38.0718222, -12.6497472], [-38.071861, -12.64973], [-38.0718934, -12.6496968], [-38.0719539, -12.6496279], [-38.0720177, -12.6495836], [-38.0721166, -12.6495233], [-38.0723351, -12.6494038], [-38.0725727, -12.6492644], [-38.0727384, -12.6491626], [-38.0728272, -12.6490899], [-38.0729424, -12.6489693], [-38.0731309, -12.6487889], [-38.0734034, -12.6485207], [-38.0736254, -12.6482947], [-38.0738031, -12.6481284], [-38.0739087, -12.6480487], [-38.0740407, -12.6479539], [-38.0741704, -12.6478801], [-38.0743792, -12.6477969], [-38.0745521, -12.6477302], [-38.0748473, -12.6476341], [-38.0750826, -12.6475393], [-38.0753395, -12.6474503], [-38.0754943, -12.6474034], [-38.075603, -12.647376], [-38.0757025, -12.6473679], [-38.0758298, -12.6473688], [-38.0759574, -12.6473695], [-38.0761075, -12.6473752], [-38.0762045, -12.6473866], [-38.0764339, -12.647416], [-38.0767674, -12.6474606], [-38.0771236, -12.6475096], [-38.0772671, -12.6475273], [-38.0774095, -12.6475309], [-38.0774991, -12.6475282], [-38.0775781, -12.6475299], [-38.0776515, -12.6475178], [-38.0776633, -12.6475159], [-38.0781151, -12.6474377], [-38.078177, -12.6474284], [-38.0781893, -12.6474045], [-38.0781938, -12.6473788], [-38.0781935, -12.6473357], [-38.0781884, -12.6473021], [-38.0781762, -12.6472871], [-38.0781635, -12.6472778], [-38.0781417, -12.6472813], [-38.0780932, -12.6472935], [-38.0779741, -12.647325], [-38.0776597, -12.6474632], [-38.0775745, -12.6474889], [-38.0774792, -12.6475021], [-38.0773696, -12.6475068], [-38.0772651, -12.6474997], [-38.0771252, -12.6474827], [-38.0767743, -12.6474342], [-38.0764315, -12.6473946], [-38.0762401, -12.6473659], [-38.0761159, -12.6473509], [-38.0759628, -12.6473433], [-38.0758255, -12.6473427], [-38.0757045, -12.6473431], [-38.0756082, -12.6473494], [-38.0754871, -12.6473788], [-38.0753959, -12.6474011], [-38.0753275, -12.6474222], [-38.0751726, -12.647476], [-38.0750694, -12.6475123], [-38.0748341, -12.6476002], [-38.0745413, -12.6477009], [-38.0743672, -12.6477665], [-38.0741572, -12.6478532], [-38.0740179, -12.6479316], [-38.0738811, -12.6480253], [-38.0737622, -12.6481155], [-38.073617, -12.6482607], [-38.0733841, -12.6484879], [-38.0732053, -12.648673], [-38.0730697, -12.648803], [-38.072934, -12.6489283], [-38.0728188, -12.6490466], [-38.0727684, -12.6490899], [-38.0727144, -12.6491344], [-38.0726255, -12.6491871], [-38.0725211, -12.649248], [-38.0724035, -12.6493195], [-38.0723291, -12.649364], [-38.0722246, -12.6494261], [-38.0720044, -12.6495515], [-38.0718969, -12.6495944], [-38.071825, -12.6496046], [-38.0717766, -12.6496118], [-38.0717437, -12.6496377], [-38.0717277, -12.6496757], [-38.0717311, -12.6497083], [-38.0717571, -12.6497364], [-38.0717861, -12.6497478], [-38.0718222, -12.6497472]]]}}, {"type": "Feature", "id": "1245900872", "properties": {"landuse": "residential"}, "geometry": {"type": "Polygon", "coordinates": [[[-38.0755394, -12.6454131], [-38.0755528, -12.6453889], [-38.0749591, -12.64479], [-38.0739567, -12.6448199], [-38.0739232, -12.6448471], [-38.0738967, -12.6449002], [-38.0738577, -12.6449818], [-38.0736555, -12.6451695], [-38.0734812, -12.6453409], [-38.0734687, -12.6453586], [-38.0734715, -12.6453708], [-38.0734868, -12.6453831], [-38.0735342, -12.6453872], [-38.073926, -12.6453967], [-38.0741477, -12.6453994], [-38.0745771, -12.6453967], [-38.0751626, -12.6453994], [-38.0755394, -12.6454131]]]}}, {"type": "Feature", "id": "1245900873", "properties": {"landuse": "residential"}, "geometry": {"type": "Polygon", "coordinates": [[[-38.0730404, -12.644249], [-38.0730277, -12.6446229], [-38.0729973, -12.644717], [-38.072944, -12.6447689], [-38.0728095, -12.6449126], [-38.0726552, -12.6450822], [-38.0725684, -12.6451552], [-38.0725151, -12.6451849], [-38.0724111, -12.6451527], [-38.0720634, -12.6447863], [-38.0716067, -12.644353], [-38.0715636, -12.6442936], [-38.0715762, -12.6442638], [-38.0717158, -12.6442589], [-38.072741, -12.6442515], [-38.0730404, -12.644249]]]}}, {"type": "Feature", "id": "1245900874", "properties": {"landuse": "residential"}, "geometry": {"type": "Polygon", "coordinates": [[[-38.0768858, -12.6467277], [-38.0767892, -12.6468066], [-38.0759221, -12.6468158], [-38.0758882, -12.6467901], [-38.0758863, -12.6466984], [-38.0759014, -12.6461515], [-38.0759145, -12.6457789], [-38.0759352, -12.6457587], [-38.0759653, -12.6457789], [-38.0761929, -12.6460083], [-38.0764405, -12.6462572], [-38.0767682, -12.6465651], [-38.0768148, -12.6466095], [-38.0768644, -12.6466579], [-38.0768954, -12.6466922], [-38.0768858, -12.6467277]]]}}, {"type": "Feature", "id": "1245900875", "properties": {"landuse": "residential"}, "geometry": {"type": "Polygon", "coordinates": [[[-38.07582, -12.6456182], [-38.0757155, -12.6455117], [-38.0747673, -12.6455117], [-38.0735057, -12.6454988], [-38.0734877, -12.6455117], [-38.0734793, -12.6455328], [-38.0735129, -12.6455737], [-38.0737074, -12.6457377], [-38.0740495, -12.6460938], [-38.0744012, -12.6461031], [-38.0748285, -12.6461078], [-38.0757503, -12.6461195], [-38.0757875, -12.6461031], [-38.0757948, -12.6460528], [-38.075808, -12.6459673], [-38.07582, -12.6456182]]]}}, {"type": "Feature", "id": "1245900881", "properties": {"highway": "path"}, "geometry": {"type": "LineString", "coordinates": [[-38.0721637, -12.6450611], [-38.0720762, -12.6451391], [-38.0720708, -12.645144]]}}, {"type": "Feature", "id": "1269101057", "properties": {"highway": "service"}, "geometry": {"type": "LineString", "coordinates": [[-38.0769233, -12.6453992], [-38.0768725, -12.6454484], [-38.0767398, -12.6455816], [-38.0766094, -12.6457125], [-38.0765865, -12.6457313], [-38.0765682, -12.6457392], [-38.0765483, -12.6457363], [-38.0765349, -12.6457245], [-38.0765031, -12.6456944], [-38.0764952, -12.645684], [-38.0764896, -12.6456728], [-38.076489, -12.6456641], [-38.0764905, -12.6456541], [-38.076494, -12.6456435], [-38.0764997, -12.6456315], [-38.0765185, -12.6456041], [-38.0765487, -12.6455746], [-38.0767718, -12.6453504], [-38.076825, -12.645299]]}}, {"type": "Feature", "id": "1270252045", "properties": {"landuse": "residential"}, "geometry": {"type": "Polygon", "coordinates": [[[-38.0757995, -12.6462738], [-38.0758005, -12.6462505], [-38.0757835, -12.6462147], [-38.0757483, -12.6461991], [-38.0757, -12.646198], [-38.0754944, -12.6461931], [-38.0751819, -12.6461943], [-38.0748466, -12.6461953], [-38.0746769, -12.6461934], [-38.0746108, -12.6461916], [-38.0745355, -12.6461896], [-38.0745062, -12.6462067], [-38.0745014, -12.64624], [-38.0746486, -12.6464066], [-38.0749237, -12.6467083], [-38.0750085, -12.6468006], [-38.0750641, -12.6468263], [-38.0753782, -12.6468301], [-38.075446, -12.6468288], [-38.0755284, -12.6468272], [-38.0757157, -12.6468253], [-38.0757693, -12.6467996], [-38.075783, -12.646752], [-38.0757869, -12.6465655], [-38.0757995, -12.6462738]]]}}, {"type": "Feature", "id": "1270252046", "properties": {"highway": "footway"}, "geometry": {"type": "LineString", "coordinates": [[-38.076055, -12.6469081], [-38.0766739, -12.6468967], [-38.0768084, -12.6468868], [-38.0768426, -12.6468719], [-38.0769035, -12.6468249], [-38.0769543, -12.6467692], [-38.0770038, -12.6467085], [-38.0768147, -12.6465117], [-38.0765128, -12.6462059], [-38.0762006, -12.6458902], [-38.0758885, -12.6455708], [-38.075826, -12.6455109], [-38.0755587, -12.6452551], [-38.0751704, -12.6448689], [-38.0750848, -12.6447819], [-38.0746718, -12.6443625], [-38.0744256, -12.6441236], [-38.0741288, -12.6438153], [-38.0738877, -12.6435715], [-38.0738306, -12.6435219], [-38.0737811, -12.6435083], [-38.0737266, -12.6435046], [-38.0736948, -12.6434935], [-38.0736555, -12.6434675], [-38.0734322, -12.6432372], [-38.0731328, -12.6429339], [-38.072794, -12.6425959], [-38.0725682, -12.642378], [-38.0725466, -12.6423446], [-38.0725453, -12.6423038], [-38.0725466, -12.6422592], [-38.0725327, -12.6422307], [-38.0723906, -12.6420871], [-38.0720899, -12.6417937], [-38.0718247, -12.6415189], [-38.0717321, -12.6414334], [-38.0716788, -12.6413876], [-38.0716166, -12.6413554], [-38.0715608, -12.6413356], [-38.0715341, -12.6413257], [-38.07151, -12.6413084], [-38.0712728, -12.6410831], [-38.0711128, -12.6409308], [-38.070613, -12.6404098], [-38.0704938, -12.6403031], [-38.070448, -12.6402585], [-38.0704162, -12.6402158], [-38.0704142, -12.6401731], [-38.0704083, -12.6401188], [-38.0703924, -12.6400839], [-38.0703546, -12.6400392], [-38.0700683, -12.6397715], [-38.0696726, -12.6393699], [-38.0692989, -12.6390014], [-38.0691485, -12.6388612], [-38.0691015, -12.6388199], [-38.0690789, -12.6388144], [-38.0690607, -12.6388262]]}}, {"type": "Feature", "id": "1270252047", "properties": {"highway": "footway"}, "geometry": {"type": "LineString", "coordinates": [[-38.0735174, -12.6458455], [-38.0730815, -12.6458528], [-38.0729566, -12.6459783], [-38.0728975, -12.6459733], [-38.0727594, -12.6458324], [-38.0724172, -12.6454876], [-38.0720997, -12.6451631], [-38.0720762, -12.6451391], [-38.0719614, -12.6450228], [-38.07193, -12.6449908], [-38.0719144, -12.6449153], [-38.0718659, -12.6448233], [-38.0715447, -12.6445047], [-38.0713823, -12.6443094], [-38.0713372, -12.6442337], [-38.0713196, -12.6442004], [-38.0713149, -12.6441685], [-38.0713032, -12.6440702], [-38.0712476, -12.6438502], [-38.0711618, -12.6437169], [-38.0710319, -12.6436032], [-38.0709598, -12.6435177], [-38.0709122, -12.6433588], [-38.0708303, -12.6432255], [-38.0706992, -12.643113], [-38.0705357, -12.6429858], [-38.0704465, -12.6429149], [-38.0704129, -12.6428521], [-38.0704046, -12.6427703], [-38.0703841, -12.6427244], [-38.0703673, -12.642704], [-38.0702889, -12.6426567], [-38.0701702, -12.6426106], [-38.0701124, -12.6425663], [-38.0699737, -12.6424361], [-38.0698074, -12.6422774], [-38.0696331, -12.6421188], [-38.0693775, -12.6418826], [-38.0692984, -12.6418279], [-38.0692854, -12.6418152], [-38.0692719, -12.641798], [-38.0692654, -12.641791], [-38.0692235, -12.6417709], [-38.0691934, -12.6417421], [-38.0691815, -12.6416851], [-38.0691674, -12.6416505], [-38.0691544, -12.6416338], [-38.0691284, -12.6416171], [-38.0691101, -12.6416119], [-38.0690234, -12.6415918], [-38.0690074, -12.641582], [-38.0690003, -12.6415699], [-38.0689909, -12.6415526], [-38.068975, -12.6415376], [-38.0689189, -12.6415002], [-38.0688457, -12.6414645], [-38.0687988, -12.641432], [-38.0687493, -12.641387], [-38.0686506, -12.6412971], [-38.0686136, -12.6412699], [-38.0685766, -12.6412073], [-38.0685506, -12.6411812], [-38.0684207, -12.6410549], [-38.0682433, -12.6408753], [-38.0681146, -12.6407541], [-38.0680927, -12.640745]]}}, {"type": "Feature", "id": "1270252050", "properties": {"building": "yes"}, "geometry": {"type": "Polygon", "coordinates": [[[-38.0789762, -12.6494984], [-38.0789159, -12.649569], [-38.0789864, -12.6496263], [-38.0789957, -12.6497351], [-38.0791006, -12.6497266], [-38.0791707, -12.6497836], [-38.0792347, -12.6497086], [-38.0789762, -12.6494984]]]}}, {"type": "Feature", "id": "1270252051", "properties": {"building": "yes"}, "geometry": {"type": "Polygon", "coordinates": [[[-38.0795481, -12.6498536], [-38.0796136, -12.6497716], [-38.079518, -12.6496989], [-38.0794525, -12.6497809], [-38.0795481, -12.6498536]]]}}, {"type": "Feature", "id": "1270252052", "properties": {"building": "yes"}, "geometry": {"type": "Polygon", "coordinates": [[[-38.0798484, -12.6501297], [-38.0797557, -12.6500542], [-38.0799656, -12.6498086], [-38.0799895, -12.6498281], [-38.0799999, -12.6498159], [-38.0800687, -12.6498718], [-38.0798484, -12.6501297]]]}}, {"type": "Feature", "id": "1270252057", "properties": {"building": "roof"}, "geometry": {"type": "Polygon", "coordinates": [[[-38.0799176, -12.6474461], [-38.0799724, -12.6473782], [-38.0800118, -12.6474084], [-38.0799869, -12.6474392], [-38.0800027, -12.6474513], [-38.0799727, -12.6474885], [-38.0799176, -12.6474461]]]}}, {"type": "Feature", "id": "1270252058", "properties": {"building": "roof"}, "geometry": {"type": "Polygon", "coordinates": [[[-38.0799235, -12.6474018], [-38.0798968, -12.6474347], [-38.0797843, -12.6473481], [-38.0798008, -12.6473277], [-38.0798404, -12.6473582], [-38.0798506, -12.6473457], [-38.0799235, -12.6474018]]]}}, {"type": "Feature", "id": "1270738857", "properties": {"highway": "residential", "name": "Avenida Brisa do Lago"}, "geometry": {"type": "LineString", "coordinates": [[-38.0758203, -12.6468668], [-38.0758236, -12.6467505], [-38.0758312, -12.6464769], [-38.0758369, -12.6462729], [-38.075839, -12.6461603], [-38.0758523, -12.6459059], [-38.0758663, -12.6456045]]}}, {"type": "Feature", "id": "1270981590", "properties": {"building": "yes"}, "geometry": {"type": "Polygon", "coordinates": [[[-38.0782407, -12.6484343], [-38.0781576, -12.6483758], [-38.0781421, -12.6483968], [-38.078131, -12.648389], [-38.0780629, -12.648481], [-38.0780927, -12.648502], [-38.0780848, -12.6485128], [-38.0781491, -12.6485581], [-38.0782407, -12.6484343]]]}}, {"type": "Feature", "id": "1270981591", "properties": {"building": "yes"}, "geometry": {"type": "Polygon", "coordinates": [[[-38.0782227, -12.6482407], [-38.078188, -12.6482064], [-38.0781346, -12.6482578], [-38.0781693, -12.6482921], [-38.0782227, -12.6482407]]]}}, {"type": "Feature", "id": "1270981592", "properties": {"building": "yes"}, "geometry": {"type": "Polygon", "coordinates": [[[-38.0784764, -12.6490642], [-38.0783542, -12.6489733], [-38.0783148, -12.6490238], [-38.0783824, -12.6490741], [-38.078319, -12.6491552], [-38.0783735, -12.6491958], [-38.0784764, -12.6490642]]]}}, {"type": "Feature", "id": "1270981593", "properties": {"building": "yes"}, "geometry": {"type": "Polygon", "coordinates": [[[-38.0779896, -12.6490662], [-38.078026, -12.6490234], [-38.0779852, -12.6489904], [-38.0779488, -12.6490332], [-38.0779896, -12.6490662]]]}}, {"type": "Feature", "id": "1271522684", "properties": {"highway": "tertiary"}, "geometry": {"type": "LineString", "coordinates": [[-38.0787093, -12.6472181], [-38.0787198, -12.6472582], [-38.0787222, -12.6472675], [-38.0787282, -12.6473018], [-38.0787241, -12.6473323], [-38.0787011, -12.6473792], [-38.0786625, -12.6474188]]}}, {"type": "Feature", "id": "1271547192", "properties": {"highway": "service"}, "geometry": {"type": "Polygon", "coordinates": [[[-38.0760306, -12.6447124], [-38.0762066, -12.6448671], [-38.076434, -12.6450851], [-38.076572, -12.6452175], [-38.0764776, -12.6452991], [-38.0763445, -12.6451773], [-38.0761113, -12.644963], [-38.0759427, -12.644798], [-38.0760306, -12.6447124]]]}}, {"type": "Feature", "id": "1274290526", "properties": {"highway": "service"}, "geometry": {"type": "LineString", "coordinates": [[-38.0765361, -12.6449995], [-38.0764684, -12.6450467], [-38.076434, -12.6450851], [-38.0763445, -12.6451773]]}}, {"type": "Feature", "id": "1390844242", "properties": {"highway": "trunk_link"}, "geometry": {"type": "LineString", "coordinates": [[-38.0793461, -12.6475875], [-38.0790357, -12.6473549], [-38.0787916, -12.6471321], [-38.0786972, -12.6470506], [-38.0786044, -12.6469519], [-38.078588, -12.6469324], [-38.0785357, -12.6468469], [-38.0784669, -12.6467386], [-38.0784227, -12.6466771], [-38.0783527, -12.6466103], [-38.078299, -12.6465623], [-38.0782722, -12.6465121], [-38.0782623, -12.6464448]]}}, {"type": "Feature", "id": "1422334124", "properties": {"highway": "footway"}, "geometry": {"type": "LineString", "coordinates": [[-38.0706364, -12.6503222], [-38.07067, -12.6502], [-38.0706808, -12.6501609]]}}, {"type": "Feature", "id": "1422334125", "properties": {"highway": "footway"}, "geometry": {"type": "LineString", "coordinates": [[-38.070893, -12.6500357], [-38.0708493, -12.6502373], [-38.0708319, -12.6503163], [-38.070821, -12.6503659], [-38.0706364, -12.6503222], [-38.0706042, -12.6504383]]}}, {"type": "Feature", "id": "1422334126", "properties": {"highway": "footway"}, "geometry": {"type": "LineString", "coordinates": [[-38.0710865, -12.6501105], [-38.0710433, -12.6501352], [-38.0708493, -12.6502373], [-38.07067, -12.6502]]}}, {"type": "Feature", "id": "1422334127", "properties": {"highway": "footway"}, "geometry": {"type": "LineString", "coordinates": [[-38.0705704, -12.6504304], [-38.0705122, -12.65065]]}}, {"type": "Feature", "id": "1422334128", "properties": {"highway": "footway"}, "geometry": {"type": "LineString", "coordinates": [[-38.0708007, -12.6504845], [-38.0706042, -12.6504383], [-38.0705704, -12.6504304], [-38.0703278, -12.6503676]]}}, {"type": "Feature", "id": "1422334129", "properties": {"highway": "footway"}, "geometry": {"type": "LineString", "coordinates": [[-38.0700644, -12.6508722], [-38.0697893, -12.6508219]]}}, {"type": "Feature", "id": "1422334130", "properties": {"highway": "footway"}, "geometry": {"type": "LineString", "coordinates": [[-38.0701715, -12.650459], [-38.0701217, -12.650651], [-38.0700644, -12.6508722], [-38.0700565, -12.6509047]]}}, {"type": "Feature", "id": "1422334131", "properties": {"highway": "service"}, "geometry": {"type": "LineString", "coordinates": [[-38.0711916, -12.6503009], [-38.0711745, -12.6502702], [-38.0711255, -12.6501839], [-38.0710865, -12.6501105], [-38.071085, -12.6500712], [-38.0710909, -12.6500229], [-38.0711271, -12.6499736], [-38.0713016, -12.6498744], [-38.0714017, -12.6498173], [-38.0714432, -12.6498105], [-38.0714842, -12.6498126], [-38.0715193, -12.6498308], [-38.0715369, -12.6498666], [-38.0715385, -12.6499045], [-38.071522, -12.6499471], [-38.0714906, -12.6499726], [-38.0711255, -12.6501839]]}}, {"type": "Feature", "id": "1422334132", "properties": {"highway": "service"}, "geometry": {"type": "LineString", "coordinates": [[-38.0712407, -12.6497717], [-38.0712678, -12.6498141], [-38.0713016, -12.6498744]]}}, {"type": "Feature", "id": "1422334133", "properties": {"highway": "footway"}, "geometry": {"type": "LineString", "coordinates": [[-38.0711397, -12.6502905], [-38.0710433, -12.6501352], [-38.0709577, -12.6499975]]}}, {"type": "Feature", "id": "1422334134", "properties": {"highway": "footway"}, "geometry": {"type": "LineString", "coordinates": [[-38.0698051, -12.6508662], [-38.069727, -12.6509125], [-38.0696626, -12.6509506], [-38.0696243, -12.6509732]]}}, {"type": "Feature", "id": "1422334135", "properties": {"highway": "footway"}, "geometry": {"type": "LineString", "coordinates": [[-38.0689902, -12.6513417], [-38.0690261, -12.6513227], [-38.0691552, -12.6512536]]}}, {"type": "Feature", "id": "1422334136", "properties": {"highway": "service"}, "geometry": {"type": "LineString", "coordinates": [[-38.0691886, -12.6509585], [-38.0692083, -12.6509921], [-38.0692577, -12.6510762]]}}, {"type": "Feature", "id": "1422334137", "properties": {"highway": "service"}, "geometry": {"type": "LineString", "coordinates": [[-38.0695179, -12.6512715], [-38.0695003, -12.6512437], [-38.0694489, -12.6511627]]}}, {"type": "Feature", "id": "1422334138", "properties": {"highway": "service"}, "geometry": {"type": "Polygon", "coordinates": [[[-38.0695728, -12.6508923], [-38.0696243, -12.6509732], [-38.0696653, -12.6510378], [-38.0694489, -12.6511627], [-38.0692369, -12.6512851], [-38.0692031, -12.6512896], [-38.0691719, -12.6512814], [-38.0691552, -12.6512536], [-38.0691299, -12.6512117], [-38.0691329, -12.6511736], [-38.0691464, -12.6511412], [-38.0692577, -12.6510762], [-38.0695728, -12.6508923]]]}}, {"type": "Feature", "id": "1446129001", "properties": {"building": "roof"}, "geometry": {"type": "Polygon", "coordinates": [[[-38.0785315, -12.6474671], [-38.0784717, -12.6474767], [-38.0784155, -12.6471438], [-38.0784753, -12.6471342], [-38.0785315, -12.6474671]]]}}, {"type": "Feature", "id": "1446129002", "properties": {"building": "yes"}, "geometry": {"type": "Polygon", "coordinates": [[[-38.0783974, -12.6473471], [-38.07852, -12.6473322], [-38.0785071, -12.6472626], [-38.0783856, -12.6472804], [-38.0783974, -12.6473471]]]}}, {"type": "Feature", "id": "1446129003", "properties": {"highway": "tertiary_link"}, "geometry": {"type": "LineString", "coordinates": [[-38.0781491, -12.6472451], [-38.0781839, -12.6472656], [-38.0782072, -12.6472936], [-38.0782181, -12.6473424], [-38.0782154, -12.6473765], [-38.0782058, -12.6474206], [-38.0781783, -12.6474649]]}}, {"type": "Feature", "id": "1446129005", "properties": {"highway": "cycleway"}, "geometry": {"type": "LineString", "coordinates": [[-38.0779741, -12.647325], [-38.0779762, -12.6473469], [-38.0779627, -12.6473671], [-38.0779134, -12.6473896], [-38.0777798, -12.6474338], [-38.0777051, -12.6474618], [-38.0776685, -12.6474742], [-38.0776526, -12.6474858], [-38.077651, -12.6475006], [-38.0776515, -12.6475178]]}}, {"type": "Feature", "id": "1446129006", "properties": {"highway": "tertiary", "name": "Alameda Humaitá"}, "geometry": {"type": "LineString", "coordinates": [[-38.0786625, -12.6474188], [-38.0786151, -12.6474276], [-38.0785465, -12.647432], [-38.0784305, -12.6474334], [-38.0783578, -12.6474388], [-38.0783219, -12.6474433], [-38.0782388, -12.6474566], [-38.0781783, -12.6474649], [-38.0780739, -12.6474793], [-38.0777772, -12.6475283], [-38.0776537, -12.6475491]]}}, {"type": "Feature", "id": "1446129007", "properties": {"highway": "footway"}, "geometry": {"type": "LineString", "coordinates": [[-38.0779501, -12.6472706], [-38.0779624, -12.6472972], [-38.0779741, -12.647325]]}}, {"type": "Feature", "id": "1446129008", "properties": {"highway": "footway"}, "geometry": {"type": "LineString", "coordinates": [[-38.0776515, -12.6475178], [-38.0776537, -12.6475491], [-38.0776556, -12.6475748]]}}, {"type": "Feature", "id": "1446129009", "properties": {"highway": "tertiary", "name": "Alameda Monte das Dunas"}, "geometry": {"type": "LineString", "coordinates": [[-38.0785223, -12.6470049], [-38.0786369, -12.6470993]]}}, {"type": "Feature", "id": "1446129010", "properties": {"highway": "tertiary"}, "geometry": {"type": "LineString", "coordinates": [[-38.0785028, -12.6471768], [-38.0785604, -12.6471723], [-38.0786223, -12.6471876], [-38.078663, -12.6472155], [-38.0787198, -12.6472582]]}}, {"type": "Feature", "id": "1446129012", "properties": {"highway": "footway"}, "geometry": {"type": "LineString", "coordinates": [[-38.0785355, -12.646951], [-38.078613, -12.6470239], [-38.0786672, -12.6470855], [-38.0787067, -12.6471355], [-38.078768, -12.6472039], [-38.0787686, -12.6472195], [-38.0787686, -12.6472367], [-38.0787792, -12.6472563], [-38.0788116, -12.6472758], [-38.0788276, -12.6472965], [-38.0788588, -12.6473356], [-38.0788665, -12.6473604], [-38.0788665, -12.6474058], [-38.0789266, -12.647419], [-38.0789737, -12.6474306]]}}, {"type": "Feature", "id": "1446129013", "properties": {"highway": "footway"}, "geometry": {"type": "LineString", "coordinates": [[-38.077405, -12.6476641], [-38.0772676, -12.6476478], [-38.0771118, -12.6476292], [-38.0766981, -12.6475769], [-38.0762768, -12.6475197], [-38.0761161, -12.6475027], [-38.0760408, -12.6475016], [-38.0760338, -12.6475015], [-38.0759927, -12.6475088], [-38.075979, -12.6475295], [-38.0759803, -12.6475611], [-38.0760363, -12.6476182]]}}, {"type": "Feature", "id": "1446129014", "properties": {"highway": "footway"}, "geometry": {"type": "LineString", "coordinates": [[-38.0789578, -12.6475048], [-38.0788323, -12.6474812], [-38.0787456, -12.6474709], [-38.0786425, -12.6474851], [-38.0785686, -12.6474986], [-38.0784744, -12.647513], [-38.0784503, -12.647513], [-38.0784106, -12.6474806], [-38.0781406, -12.6475164], [-38.0778305, -12.6475519]]}}, {"type": "Feature", "id": "1446129015", "properties": {"highway": "footway"}, "geometry": {"type": "LineString", "coordinates": [[-38.0778305, -12.6475519], [-38.0777861, -12.6475586], [-38.0776811, -12.6475707]]}}, {"type": "Feature", "id": "1446129016", "properties": {"highway": "footway"}, "geometry": {"type": "LineString", "coordinates": [[-38.0789737, -12.6474306], [-38.078971, -12.6474416], [-38.0789664, -12.6474687], [-38.0789578, -12.6475048]]}}, {"type": "Feature", "id": "1446129017", "properties": {"highway": "footway"}, "geometry": {"type": "LineString", "coordinates": [[-38.0776811, -12.6475707], [-38.0776556, -12.6475748], [-38.077596, -12.6475845], [-38.0775172, -12.6476032]]}}, {"type": "Feature", "id": "1446129018", "properties": {"highway": "footway"}, "geometry": {"type": "LineString", "coordinates": [[-38.0775172, -12.6476032], [-38.0774696, -12.6476307], [-38.077405, -12.6476641]]}}, {"type": "Feature", "id": "1446180133", "properties": {"highway": "footway"}, "geometry": {"type": "LineString", "coordinates": [[-38.0727368, -12.6489537], [-38.0727961, -12.6490144], [-38.0728861, -12.6490999], [-38.0729119, -12.6491238]]}}, {"type": "Feature", "id": "1446180134", "properties": {"highway": "footway"}, "geometry": {"type": "LineString", "coordinates": [[-38.0759927, -12.6475088], [-38.0757654, -12.6474556], [-38.0755645, -12.6474626]]}}, {"type": "Feature", "id": "1446180135", "properties": {"highway": "footway"}, "geometry": {"type": "LineString", "coordinates": [[-38.0755645, -12.6474626], [-38.0753708, -12.6475113], [-38.0749615, -12.6476603], [-38.0746241, -12.6477811], [-38.0743696, -12.6478697], [-38.0741759, -12.6479593], [-38.0740641, -12.6480236], [-38.0739034, -12.6481385], [-38.0737656, -12.6482613], [-38.0735101, -12.6485126], [-38.0733625, -12.6486648], [-38.073277, -12.6487537], [-38.0732388, -12.6487929], [-38.0732364, -12.6488795], [-38.0730995, -12.649003], [-38.0729852, -12.6491051], [-38.0729119, -12.6491238], [-38.0728228, -12.649191], [-38.0727155, -12.6492632], [-38.0725344, -12.6493694], [-38.0723935, -12.6494497], [-38.0722468, -12.6495323], [-38.0721256, -12.6496112], [-38.0720773, -12.6496567], [-38.0720282, -12.6497189], [-38.0720193, -12.6497302], [-38.071937, -12.6498422], [-38.0718882, -12.6498991], [-38.0718535, -12.6499395], [-38.0717178, -12.6500685], [-38.0715295, -12.650174]]}}, {"type": "Feature", "id": "1446180136", "properties": {"highway": "footway"}, "geometry": {"type": "LineString", "coordinates": [[-38.0715295, -12.650174], [-38.0714754, -12.6502036], [-38.071387, -12.6502678], [-38.0712902, -12.6503353], [-38.0712285, -12.6503831]]}}, {"type": "Feature", "id": "1446180141", "properties": {"highway": "footway"}, "geometry": {"type": "LineString", "coordinates": [[-38.079745, -12.6469658], [-38.079668, -12.6470667], [-38.0796314, -12.6471501], [-38.0796336, -12.647231], [-38.0796506, -12.6472808], [-38.0796684, -12.6473184], [-38.0796698, -12.6473653], [-38.0797253, -12.6474216], [-38.0798038, -12.6474613], [-38.0798681, -12.6475032], [-38.0799203, -12.6475478]]}}, {"type": "Feature", "id": "1446180144", "properties": {"highway": "footway"}, "geometry": {"type": "LineString", "coordinates": [[-38.0720282, -12.6497189], [-38.0720749, -12.6497685], [-38.0721084, -12.649792], [-38.0721454, -12.6498197], [-38.0721566, -12.6498407], [-38.0721591, -12.6498817], [-38.0721325, -12.6499061], [-38.0721159, -12.6499172], [-38.0721082, -12.6499375], [-38.0721132, -12.6499707], [-38.0721277, -12.6500353], [-38.0721122, -12.6500956], [-38.0720142, -12.650042], [-38.0719171, -12.6499313], [-38.0718882, -12.6498991]]}}, {"type": "Feature", "id": "1446180145", "properties": {"highway": "footway"}, "geometry": {"type": "LineString", "coordinates": [[-38.0720749, -12.6497685], [-38.0720572, -12.6497963], [-38.0720563, -12.6498197], [-38.0720709, -12.6498843], [-38.072083, -12.6499086], [-38.0721159, -12.6499172]]}}, {"type": "Feature", "id": "1446180146", "properties": {"building": "yes", "name": "Polícia Militar"}, "geometry": {"type": "Polygon", "coordinates": [[[-38.0720018, -12.6499155], [-38.0719613, -12.6498749], [-38.0719192, -12.6499149], [-38.0719399, -12.6499357], [-38.0719564, -12.6499201], [-38.0719761, -12.6499398], [-38.0720018, -12.6499155]]]}}, {"type": "Feature", "id": "1446180147", "properties": {"building": "yes"}, "geometry": {"type": "Polygon", "coordinates": [[[-38.072096, -12.649966], [-38.0720789, -12.6499198], [-38.0720203, -12.6499405], [-38.0720338, -12.6499768], [-38.0720113, -12.6499847], [-38.0720276, -12.6500287], [-38.0720743, -12.6500123], [-38.0720617, -12.6499781], [-38.072096, -12.649966]]]}}, {"type": "Feature", "id": "1446185656", "properties": {"building": "yes"}, "geometry": {"type": "Polygon", "coordinates": [[[-38.0758803, -12.6451269], [-38.075798, -12.645209], [-38.0757219, -12.6451365], [-38.0758042, -12.6450543], [-38.0758803, -12.6451269]]]}}, {"type": "Feature", "id": "1446185657", "properties": {"building": "yes"}, "geometry": {"type": "Polygon", "coordinates": [[[-38.0756374, -12.6451932], [-38.0755798, -12.6451364], [-38.0755774, -12.6450838], [-38.0756313, -12.6450317], [-38.0757171, -12.6451161], [-38.0756374, -12.6451932]]]}}, {"type": "Feature", "id": "1446185658", "properties": {"building": "yes"}, "geometry": {"type": "Polygon", "coordinates": [[[-38.0757277, -12.6451016], [-38.0758005, -12.6450358], [-38.0757843, -12.6450187], [-38.0757708, -12.6450309], [-38.0757607, -12.6450203], [-38.0757014, -12.6450739], [-38.0757277, -12.6451016]]]}}, {"type": "Feature", "id": "1446185664", "properties": {"building": "yes"}, "geometry": {"type": "Polygon", "coordinates": [[[-38.0754969, -12.6453457], [-38.0753541, -12.6451897], [-38.0752854, -12.6452496], [-38.0753087, -12.645275], [-38.0752791, -12.6453008], [-38.0753191, -12.6453446], [-38.075365, -12.6453046], [-38.0753947, -12.645337], [-38.0754166, -12.6453297], [-38.0754604, -12.6453775], [-38.0754969, -12.6453457]]]}}, {"type": "Feature", "id": "1446185665", "properties": {"building": "yes"}, "geometry": {"type": "Polygon", "coordinates": [[[-38.0752469, -12.645358], [-38.0752497, -12.6452643], [-38.075209, -12.6452632], [-38.0752109, -12.6451973], [-38.0750826, -12.6451938], [-38.075079, -12.645317], [-38.0751328, -12.6453185], [-38.075133, -12.6453094], [-38.07518, -12.6453107], [-38.0751786, -12.6453561], [-38.0752469, -12.645358]]]}}, {"type": "Feature", "id": "1446185666", "properties": {"building": "yes"}, "geometry": {"type": "Polygon", "coordinates": [[[-38.0752698, -12.6452299], [-38.0753195, -12.6451824], [-38.0752931, -12.6451562], [-38.0753039, -12.6451459], [-38.0751583, -12.6450008], [-38.0750979, -12.6450585], [-38.0752698, -12.6452299]]]}}, {"type": "Feature", "id": "1446185667", "properties": {"building": "yes"}, "geometry": {"type": "Polygon", "coordinates": [[[-38.0750927, -12.644965], [-38.0750925, -12.6449137], [-38.074965, -12.6449142], [-38.0749654, -12.645015], [-38.0750008, -12.6450149], [-38.0750009, -12.6450329], [-38.0750523, -12.6450327], [-38.0750522, -12.6450118], [-38.0750739, -12.6450117], [-38.0750737, -12.644965], [-38.0750927, -12.644965]]]}}, {"type": "Feature", "id": "1446269716", "properties": {"highway": "footway"}, "geometry": {"type": "LineString", "coordinates": [[-38.0710262, -12.6503554], [-38.0708319, -12.6503163]]}}, {"type": "Feature", "id": "1446269718", "properties": {"landuse": "grass"}, "geometry": {"type": "Polygon", "coordinates": [[[-38.0709444, -12.650039], [-38.0710092, -12.6501439], [-38.0708911, -12.65021], [-38.0709444, -12.650039]]]}}, {"type": "Feature", "id": "1446269719", "properties": {"landuse": "grass"}, "geometry": {"type": "Polygon", "coordinates": [[[-38.0710976, -12.6502901], [-38.071026, -12.6501781], [-38.0708695, -12.6502643], [-38.0708618, -12.6503051], [-38.0710097, -12.6503402], [-38.0710976, -12.6502901]]]}}, {"type": "Feature", "id": "1446269720", "properties": {"landuse": "grass"}, "geometry": {"type": "Polygon", "coordinates": [[[-38.0706958, -12.6503623], [-38.0706774, -12.6504303], [-38.0707919, -12.6504599], [-38.0708103, -12.6503918], [-38.0706958, -12.6503623]]]}}, {"type": "Feature", "id": "1446269721", "properties": {"landuse": "grass"}, "geometry": {"type": "Polygon", "coordinates": [[[-38.0705486, -12.6504554], [-38.0703606, -12.6504025], [-38.0702532, -12.6504519], [-38.0702007, -12.6506536], [-38.0703571, -12.6506924], [-38.0704978, -12.6506267], [-38.0705486, -12.6504554]]]}}, {"type": "Feature", "id": "1446269722", "properties": {"highway": "footway"}, "geometry": {"type": "LineString", "coordinates": [[-38.0701217, -12.650651], [-38.0699281, -12.6506015]]}}, {"type": "Feature", "id": "1446269723", "properties": {"highway": "footway"}, "geometry": {"type": "LineString", "coordinates": [[-38.0701217, -12.650651], [-38.0703931, -12.6507165]]}}, {"type": "Feature", "id": "1446269724", "properties": {"landuse": "grass"}, "geometry": {"type": "Polygon", "coordinates": [[[-38.0706932, -12.6504983], [-38.070631, -12.6504782], [-38.0706085, -12.6505447], [-38.0706932, -12.6504983]]]}}, {"type": "Feature", "id": "1446269725", "properties": {"building": "yes"}, "geometry": {"type": "Polygon", "coordinates": [[[-38.0687373, -12.6513818], [-38.0687468, -12.6513112], [-38.0686045, -12.651293], [-38.0685951, -12.651363], [-38.0685588, -12.6513583], [-38.0685691, -12.6512817], [-38.0684727, -12.6512694], [-38.0684487, -12.651448], [-38.0684018, -12.651442], [-38.0683825, -12.651586], [-38.0686085, -12.6516149], [-38.0686208, -12.6515232], [-38.068703, -12.6515337], [-38.0687169, -12.6514302], [-38.0686657, -12.6514236], [-38.0686724, -12.6513735], [-38.0687373, -12.6513818]]]}}, {"type": "Feature", "id": "1446269728", "properties": {"building": "yes"}, "geometry": {"type": "Polygon", "coordinates": [[[-38.076747, -12.646942], [-38.0767241, -12.6469422], [-38.0767237, -12.6469045], [-38.0766598, -12.6469051], [-38.0766602, -12.6469436], [-38.0766333, -12.6469439], [-38.0766352, -12.6471274], [-38.0767488, -12.6471263], [-38.076747, -12.646942]]]}}, {"type": "Feature", "id": "1446269729", "properties": {"building": "yes"}, "geometry": {"type": "Polygon", "coordinates": [[[-38.0761072, -12.6470816], [-38.07621, -12.6470793], [-38.0762063, -12.6469273], [-38.076143, -12.6469287], [-38.0761442, -12.6469784], [-38.0761047, -12.6469793], [-38.0761072, -12.6470816]]]}}, {"type": "Feature", "id": "1446269730", "properties": {"building": "yes"}, "geometry": {"type": "Polygon", "coordinates": [[[-38.0772642, -12.6465078], [-38.0773336, -12.6465773], [-38.0771498, -12.6467523], [-38.0770951, -12.6466976], [-38.0771776, -12.646619], [-38.0771629, -12.6466043], [-38.0772642, -12.6465078]]]}}, {"type": "Feature", "id": "1446269731", "properties": {"building": "yes"}, "geometry": {"type": "Polygon", "coordinates": [[[-38.0771331, -12.6463983], [-38.0771114, -12.6463773], [-38.0770975, -12.6463911], [-38.0770556, -12.6463507], [-38.0770014, -12.6464041], [-38.0769773, -12.6463809], [-38.0769512, -12.6464067], [-38.07699, -12.6464441], [-38.0769699, -12.6464639], [-38.0770188, -12.6465111], [-38.0771331, -12.6463983]]]}}, {"type": "Feature", "id": "1446269740", "properties": {"building": "yes"}, "geometry": {"type": "Polygon", "coordinates": [[[-38.0764543, -12.6457262], [-38.0764322, -12.6457057], [-38.0764334, -12.6456748], [-38.0763702, -12.6456725], [-38.076305, -12.6457381], [-38.0763354, -12.6457668], [-38.0763029, -12.6457995], [-38.0762976, -12.6458381], [-38.0763352, -12.645843], [-38.0763807, -12.6457969], [-38.0763746, -12.6457569], [-38.0763912, -12.6457399], [-38.0764173, -12.6457641], [-38.0764543, -12.6457262]]]}}, {"type": "Feature", "id": "1446269741", "properties": {"building": "yes"}, "geometry": {"type": "Polygon", "coordinates": [[[-38.0766588, -12.6459079], [-38.076623, -12.6458729], [-38.076605, -12.6458904], [-38.076562, -12.6458483], [-38.0764424, -12.6459645], [-38.0764883, -12.6460094], [-38.0765592, -12.6459405], [-38.0765921, -12.6459728], [-38.0766588, -12.6459079]]]}}, {"type": "Feature", "id": "1446269742", "properties": {"building": "yes"}, "geometry": {"type": "Polygon", "coordinates": [[[-38.0760645, -12.6460234], [-38.0759556, -12.646024], [-38.0759546, -12.6458159], [-38.0760286, -12.6458155], [-38.0760288, -12.645847], [-38.0760636, -12.6458468], [-38.0760645, -12.6460234]]]}}, {"type": "Feature", "id": "1446269743", "properties": {"building": "yes"}, "geometry": {"type": "Polygon", "coordinates": [[[-38.0761164, -12.6462], [-38.0761175, -12.6461205], [-38.0760729, -12.6461199], [-38.0760738, -12.6460535], [-38.075977, -12.6460522], [-38.0759751, -12.6461981], [-38.0761164, -12.6462]]]}}, {"type": "Feature", "id": "1446269744", "properties": {"building": "yes"}, "geometry": {"type": "Polygon", "coordinates": [[[-38.0762029, -12.6467364], [-38.0762053, -12.6466063], [-38.0761293, -12.6466049], [-38.0761288, -12.6466309], [-38.0760853, -12.6466301], [-38.0760832, -12.6467408], [-38.0761429, -12.6467419], [-38.0761436, -12.6467075], [-38.0761659, -12.6467079], [-38.0761654, -12.6467357], [-38.0762029, -12.6467364]]]}}, {"type": "Feature", "id": "1446269747", "properties": {"highway": "footway"}, "geometry": {"type": "LineString", "coordinates": [[-38.0769405, -12.6455132], [-38.0769899, -12.6454661], [-38.0770065, -12.6454519]]}}, {"type": "Feature", "id": "1446269749", "properties": {"building": "yes"}, "geometry": {"type": "Polygon", "coordinates": [[[-38.0757419, -12.6464048], [-38.0757412, -12.6462465], [-38.075694, -12.6462246], [-38.0756384, -12.6462249], [-38.0756395, -12.6464584], [-38.0756929, -12.6464582], [-38.0756926, -12.646405], [-38.0757419, -12.6464048]]]}}, {"type": "Feature", "id": "1446269750", "properties": {"building": "yes"}, "geometry": {"type": "Polygon", "coordinates": [[[-38.0768916, -12.6462195], [-38.076849, -12.6461789], [-38.0768348, -12.6461931], [-38.0768134, -12.6461726], [-38.0767156, -12.64627], [-38.076755, -12.6463077], [-38.0767104, -12.6463522], [-38.0767556, -12.6463955], [-38.0768825, -12.646269], [-38.0768618, -12.6462492], [-38.0768916, -12.6462195]]]}}, {"type": "Feature", "id": "1446269751", "properties": {"building": "yes"}, "geometry": {"type": "Polygon", "coordinates": [[[-38.0768555, -12.6461056], [-38.0768205, -12.6460731], [-38.0767973, -12.6460969], [-38.0767535, -12.6460563], [-38.0766454, -12.6461669], [-38.076674, -12.6461935], [-38.0766429, -12.6462255], [-38.076693, -12.6462721], [-38.0768555, -12.6461056]]]}}, {"type": "Feature", "id": "1446269752", "properties": {"building": "yes"}, "geometry": {"type": "Polygon", "coordinates": [[[-38.0764466, -12.6459121], [-38.0765365, -12.6458248], [-38.0765578, -12.6458457], [-38.0765887, -12.6458156], [-38.0765062, -12.6457348], [-38.0764406, -12.6457985], [-38.0764011, -12.6457945], [-38.0763978, -12.6458258], [-38.0763698, -12.6458369], [-38.0764466, -12.6459121]]]}}, {"type": "Feature", "id": "1448535278", "properties": {"building": "house"}, "geometry": {"type": "Polygon", "coordinates": [[[-38.0756094, -12.6464731], [-38.075614, -12.6463234], [-38.0755493, -12.6463225], [-38.0755493, -12.6463415], [-38.0755161, -12.6463406], [-38.0755115, -12.6464767], [-38.0756094, -12.6464731]]]}}, {"type": "Feature", "id": "1448535279", "properties": {"building": "yes"}, "geometry": {"type": "Polygon", "coordinates": [[[-38.0756046, -12.6463071], [-38.0756056, -12.646245], [-38.075555, -12.6462442], [-38.0755539, -12.6463063], [-38.0756046, -12.6463071]]]}}, {"type": "Feature", "id": "1449260061", "properties": {"building": "house"}, "geometry": {"type": "Polygon", "coordinates": [[[-38.0753288, -12.6462403], [-38.0751955, -12.6462415], [-38.0751967, -12.6463557], [-38.0752806, -12.6463549], [-38.0752808, -12.6463789], [-38.0753301, -12.6463785], [-38.0753288, -12.6462403]]]}}, {"type": "Feature", "id": "1449260062", "properties": {"building": "yes"}, "geometry": {"type": "Polygon", "coordinates": [[[-38.0749847, -12.6463592], [-38.0749843, -12.6463106], [-38.0748608, -12.6463117], [-38.0748612, -12.6463589], [-38.0748823, -12.6463587], [-38.0748825, -12.6463765], [-38.0749261, -12.6463761], [-38.0749259, -12.6463598], [-38.0749847, -12.6463592]]]}}, {"type": "Feature", "id": "1449260063", "properties": {"building": "house"}, "geometry": {"type": "Polygon", "coordinates": [[[-38.074827, -12.6463474], [-38.0749138, -12.6464349], [-38.0748719, -12.6464744], [-38.0748263, -12.6464283], [-38.0747871, -12.6464653], [-38.0747461, -12.6464238], [-38.074827, -12.6463474]]]}}, {"type": "Feature", "id": "1449260534", "properties": {"highway": "footway"}, "geometry": {"type": "LineString", "coordinates": [[-38.0785541, -12.6469438], [-38.0785059, -12.6468556], [-38.0784527, -12.6467934], [-38.0783639, -12.6466908], [-38.0783552, -12.6466805], [-38.0783529, -12.6466837]]}}, {"type": "Feature", "id": "1449261616", "properties": {"highway": "footway"}, "geometry": {"type": "LineString", "coordinates": [[-38.0803047, -12.6466754], [-38.0801395, -12.6467623], [-38.0799872, -12.6468483], [-38.0799459, -12.6469012], [-38.0799247, -12.646999], [-38.079981, -12.6470898]]}}, {"type": "Feature", "id": "1449261617", "properties": {"highway": "footway"}, "geometry": {"type": "LineString", "coordinates": [[-38.079745, -12.6469658], [-38.0797678, -12.6469428], [-38.0797866, -12.6469372]]}}, {"type": "Feature", "id": "1449261618", "properties": {"highway": "footway"}, "geometry": {"type": "LineString", "coordinates": [[-38.0799459, -12.6469012], [-38.0798725, -12.6469156], [-38.0797866, -12.6469372]]}}, {"type": "Feature", "id": "1449261619", "properties": {"highway": "footway"}, "geometry": {"type": "LineString", "coordinates": [[-38.0796809, -12.646877], [-38.0796769, -12.6468691], [-38.0796739, -12.6468413], [-38.0796731, -12.6468168]]}}, {"type": "Feature", "id": "1449261620", "properties": {"highway": "footway"}, "geometry": {"type": "LineString", "coordinates": [[-38.0796983, -12.646909], [-38.0796809, -12.646877]]}}, {"type": "Feature", "id": "1454578456", "properties": {"highway": "footway"}, "geometry": {"type": "LineString", "coordinates": [[-38.075826, -12.6455109], [-38.0757994, -12.6455393], [-38.0757817, -12.6455557]]}}, {"type": "Feature", "id": "1454578457", "properties": {"highway": "footway"}, "geometry": {"type": "LineString", "coordinates": [[-38.0755093, -12.6454948], [-38.0755108, -12.6454665], [-38.075513, -12.6454224]]}}, {"type": "Feature", "id": "1454578459", "properties": {"highway": "footway"}, "geometry": {"type": "LineString", "coordinates": [[-38.0758669, -12.6467494], [-38.0758236, -12.6467505], [-38.075783, -12.646752]]}}, {"type": "Feature", "id": "1454578460", "properties": {"highway": "footway"}, "geometry": {"type": "LineString", "coordinates": [[-38.0757157, -12.6468253], [-38.0757124, -12.6468657], [-38.0757101, -12.6469037]]}}, {"type": "Feature", "id": "1454578461", "properties": {"highway": "footway"}, "geometry": {"type": "LineString", "coordinates": [[-38.0784031, -12.6468179], [-38.0783894, -12.6468304], [-38.0783676, -12.6468534], [-38.0783244, -12.6468975]]}}, {"type": "Feature", "id": "1454579847", "properties": {"building": "yes"}, "geometry": {"type": "Polygon", "coordinates": [[[-38.075069, -12.6451188], [-38.0750089, -12.6451167], [-38.0750066, -12.6451805], [-38.0749759, -12.6451795], [-38.0749725, -12.645277], [-38.0749959, -12.6452778], [-38.074995, -12.6453018], [-38.0750453, -12.6453035], [-38.0750486, -12.6452095], [-38.0750658, -12.6452101], [-38.075069, -12.6451188]]]}}, {"type": "Feature", "id": "1454579848", "properties": {"building": "yes"}, "geometry": {"type": "Polygon", "coordinates": [[[-38.0749372, -12.6451186], [-38.0748438, -12.6451169], [-38.0748411, -12.6452609], [-38.0748685, -12.6452614], [-38.0748738, -12.6452819], [-38.074912, -12.6452826], [-38.0749123, -12.6452649], [-38.0749345, -12.6452653], [-38.0749372, -12.6451186]]]}}, {"type": "Feature", "id": "1454579849", "properties": {"building": "yes"}, "geometry": {"type": "Polygon", "coordinates": [[[-38.0747732, -12.6453074], [-38.074772, -12.6452184], [-38.0747946, -12.6452181], [-38.0747933, -12.6451286], [-38.0747427, -12.6451292], [-38.0746681, -12.6452007], [-38.0746923, -12.6452247], [-38.0746798, -12.6452367], [-38.0747069, -12.6453083], [-38.0747732, -12.6453074]]]}}, {"type": "Feature", "id": "1454579850", "properties": {"building": "yes"}, "geometry": {"type": "Polygon", "coordinates": [[[-38.0747888, -12.6449876], [-38.0747893, -12.6449444], [-38.0747484, -12.6449439], [-38.0747487, -12.6449214], [-38.0746704, -12.6449205], [-38.0746684, -12.645079], [-38.0747021, -12.6450794], [-38.0747024, -12.6450546], [-38.0747669, -12.6450554], [-38.0747678, -12.6449873], [-38.0747888, -12.6449876]]]}}, {"type": "Feature", "id": "1454579851", "properties": {"building": "yes"}, "geometry": {"type": "Polygon", "coordinates": [[[-38.0739434, -12.6450879], [-38.0738766, -12.6450193], [-38.0737569, -12.6451304], [-38.0737252, -12.6450979], [-38.0736844, -12.6451358], [-38.0737162, -12.6451685], [-38.0737266, -12.6451589], [-38.0737933, -12.6452273], [-38.0739434, -12.6450879]]]}}, {"type": "Feature", "id": "1454579852", "properties": {"building": "yes"}, "geometry": {"type": "Polygon", "coordinates": [[[-38.0740818, -12.6452439], [-38.0740845, -12.645103], [-38.074058, -12.6451025], [-38.0740574, -12.6451309], [-38.0739983, -12.6451298], [-38.0739976, -12.6451656], [-38.073981, -12.6451653], [-38.0739798, -12.6452253], [-38.0740142, -12.645226], [-38.0740139, -12.6452426], [-38.0740818, -12.6452439]]]}}, {"type": "Feature", "id": "1454579853", "properties": {"building": "yes"}, "geometry": {"type": "Polygon", "coordinates": [[[-38.0751988, -12.6457472], [-38.0751991, -12.6456006], [-38.0750859, -12.6456004], [-38.0750857, -12.645747], [-38.0751988, -12.6457472]]]}}, {"type": "Feature", "id": "1454579854", "properties": {"building": "yes"}, "geometry": {"type": "Polygon", "coordinates": [[[-38.0749171, -12.6456243], [-38.074871, -12.6456234], [-38.0748706, -12.6456444], [-38.0748145, -12.6456433], [-38.0748121, -12.6457591], [-38.0748795, -12.6457605], [-38.0748802, -12.6457287], [-38.0749149, -12.6457294], [-38.0749171, -12.6456243]]]}}, {"type": "Feature", "id": "1454579855", "properties": {"building": "yes"}, "geometry": {"type": "Polygon", "coordinates": [[[-38.0750658, -12.6458012], [-38.0750658, -12.6459284], [-38.0749577, -12.6459284], [-38.0749577, -12.6458012], [-38.0750658, -12.6458012]]]}}, {"type": "Feature", "id": "1454579856", "properties": {"building": "yes"}, "geometry": {"type": "Polygon", "coordinates": [[[-38.0746484, -12.6459565], [-38.0746489, -12.6458107], [-38.0745841, -12.6458105], [-38.074584, -12.6458471], [-38.0745449, -12.645847], [-38.074545, -12.6458082], [-38.0745299, -12.6458082], [-38.0745295, -12.645969], [-38.0745874, -12.6459691], [-38.0745874, -12.6459564], [-38.0746484, -12.6459565]]]}}, {"type": "Feature", "id": "1454579857", "properties": {"building": "yes"}, "geometry": {"type": "Polygon", "coordinates": [[[-38.0742395, -12.6459317], [-38.0742402, -12.6458758], [-38.07415, -12.6458747], [-38.0741507, -12.6458255], [-38.0740491, -12.6458243], [-38.0740488, -12.6458497], [-38.0739768, -12.6458487], [-38.0739757, -12.6459327], [-38.0741411, -12.6459348], [-38.0741404, -12.6459833], [-38.0742069, -12.6459841], [-38.0742076, -12.6459313], [-38.0742395, -12.6459317]]]}}, {"type": "Feature", "id": "1454579858", "properties": {"building": "yes"}, "geometry": {"type": "Polygon", "coordinates": [[[-38.0745169, -12.6459448], [-38.0745165, -12.6458071], [-38.0744013, -12.6458074], [-38.0744016, -12.6458886], [-38.074421, -12.6458886], [-38.0744212, -12.6459638], [-38.0744691, -12.6459636], [-38.074469, -12.6459449], [-38.0745169, -12.6459448]]]}}, {"type": "Feature", "id": "1454579859", "properties": {"building": "yes"}, "geometry": {"type": "Polygon", "coordinates": [[[-38.0745177, -12.6456012], [-38.074515, -12.6457529], [-38.0744096, -12.6457511], [-38.0744115, -12.645646], [-38.0744621, -12.6456468], [-38.0744634, -12.645571], [-38.0744922, -12.6455715], [-38.0744917, -12.6456007], [-38.0745177, -12.6456012]]]}}, {"type": "Feature", "id": "1454579860", "properties": {"building": "yes"}, "geometry": {"type": "Polygon", "coordinates": [[[-38.0743808, -12.6455604], [-38.0743193, -12.6455599], [-38.0743186, -12.6456386], [-38.0742726, -12.6456382], [-38.0742715, -12.645775], [-38.0743791, -12.6457758], [-38.0743808, -12.6455604]]]}}, {"type": "Feature", "id": "1454580811", "properties": {"building": "yes"}, "geometry": {"type": "Polygon", "coordinates": [[[-38.0725597, -12.6449279], [-38.0726257, -12.6449999], [-38.0725196, -12.6450924], [-38.0724827, -12.6450521], [-38.0725043, -12.6450332], [-38.0724753, -12.6450015], [-38.0725597, -12.6449279]]]}}, {"type": "Feature", "id": "1454691007", "properties": {"building": "yes"}, "geometry": {"type": "Polygon", "coordinates": [[[-38.0717896, -12.650221], [-38.0717614, -12.6501926], [-38.0716652, -12.650185], [-38.0716576, -12.6502758], [-38.0716809, -12.6502777], [-38.0716783, -12.6503083], [-38.0717523, -12.6503142], [-38.0717554, -12.650277], [-38.0717847, -12.6502794], [-38.0717896, -12.650221]]]}}, {"type": "Feature", "id": "1454691008", "properties": {"building": "yes"}, "geometry": {"type": "Polygon", "coordinates": [[[-38.0717889, -12.6505263], [-38.0717196, -12.6504075], [-38.0716253, -12.6504598], [-38.0716616, -12.6505222], [-38.0716329, -12.6505381], [-38.0716879, -12.6506324], [-38.0717847, -12.6505787], [-38.0717626, -12.6505409], [-38.0717889, -12.6505263]]]}}, {"type": "Feature", "id": "1454691009", "properties": {"building": "yes"}, "geometry": {"type": "Polygon", "coordinates": [[[-38.0719465, -12.6504422], [-38.0718637, -12.6503173], [-38.0717665, -12.6503787], [-38.0718008, -12.6504305], [-38.071823, -12.6504165], [-38.0718715, -12.6504896], [-38.0719465, -12.6504422]]]}}, {"type": "Feature", "id": "1454691010", "properties": {"building": "yes"}, "geometry": {"type": "Polygon", "coordinates": [[[-38.0720941, -12.6502812], [-38.0720012, -12.6502325], [-38.0719466, -12.6503316], [-38.0719753, -12.6503467], [-38.0719532, -12.6503867], [-38.0720174, -12.6504204], [-38.0720941, -12.6502812]]]}}, {"type": "Feature", "id": "1454691011", "properties": {"building": "yes"}, "geometry": {"type": "Polygon", "coordinates": [[[-38.0722818, -12.6502998], [-38.0721583, -12.6502511], [-38.0721345, -12.6503084], [-38.0721553, -12.6503166], [-38.0721114, -12.6504226], [-38.0721944, -12.6504554], [-38.0722111, -12.6504153], [-38.0722307, -12.650423], [-38.0722818, -12.6502998]]]}}, {"type": "Feature", "id": "1454691012", "properties": {"building": "yes"}, "geometry": {"type": "Polygon", "coordinates": [[[-38.0686744, -12.6500462], [-38.0685617, -12.6499853], [-38.0685108, -12.6500748], [-38.0685393, -12.6500902], [-38.0685092, -12.6501431], [-38.0685935, -12.6501887], [-38.0686744, -12.6500462]]]}}, {"type": "Feature", "id": "1454691013", "properties": {"building": "yes"}, "geometry": {"type": "Polygon", "coordinates": [[[-38.068242, -12.6501898], [-38.0682234, -12.6500143], [-38.068093, -12.6500275], [-38.0681054, -12.6501446], [-38.0681412, -12.650141], [-38.0681474, -12.6501993], [-38.068242, -12.6501898]]]}}, {"type": "Feature", "id": "1454691014", "properties": {"building": "yes"}, "geometry": {"type": "Polygon", "coordinates": [[[-38.0678467, -12.6501941], [-38.0678653, -12.6500822], [-38.0677789, -12.6500685], [-38.0677718, -12.6501111], [-38.0677357, -12.6501054], [-38.0677242, -12.6501748], [-38.0678467, -12.6501941]]]}}, {"type": "Feature", "id": "1454691015", "properties": {"building": "yes"}, "geometry": {"type": "Polygon", "coordinates": [[[-38.0682275, -12.6499593], [-38.0682834, -12.6498485], [-38.068206, -12.6498114], [-38.0681501, -12.6499222], [-38.0682275, -12.6499593]]]}}, {"type": "Feature", "id": "1454691016", "properties": {"building": "yes"}, "geometry": {"type": "Polygon", "coordinates": [[[-38.0684786, -12.6499244], [-38.0684006, -12.649918], [-38.0683976, -12.6499544], [-38.0683647, -12.6499517], [-38.0683621, -12.6499826], [-38.0683415, -12.649981], [-38.0683393, -12.6500062], [-38.0683054, -12.6500035], [-38.0683044, -12.6500155], [-38.0682624, -12.6500121], [-38.0682559, -12.650089], [-38.0682855, -12.6500914], [-38.0682839, -12.6501095], [-38.0684129, -12.65012], [-38.0684194, -12.6500451], [-38.0684479, -12.6500474], [-38.0684533, -12.6499841], [-38.0684734, -12.6499857], [-38.0684786, -12.6499244]]]}}, {"type": "Feature", "id": "1454691017", "properties": {"building": "yes"}, "geometry": {"type": "Polygon", "coordinates": [[[-38.0683719, -12.6489995], [-38.068401, -12.6489361], [-38.0683347, -12.6489072], [-38.0683516, -12.6488703], [-38.0682791, -12.6488386], [-38.0682517, -12.6488984], [-38.0682797, -12.6489106], [-38.0682631, -12.6489468], [-38.0683066, -12.6489659], [-38.0682945, -12.6489924], [-38.0683438, -12.649014], [-38.0683541, -12.6489917], [-38.0683719, -12.6489995]]]}}, {"type": "Feature", "id": "1454691018", "properties": {"building": "yes"}, "geometry": {"type": "Polygon", "coordinates": [[[-38.0685609, -12.6492178], [-38.068582, -12.6491748], [-38.0685733, -12.6491708], [-38.0685918, -12.6491329], [-38.0685542, -12.6491154], [-38.0685478, -12.6491286], [-38.0685213, -12.6491163], [-38.0685297, -12.6490992], [-38.0685018, -12.6490862], [-38.0684603, -12.6491709], [-38.0685609, -12.6492178]]]}}, {"type": "Feature", "id": "1454691019", "properties": {"building": "yes"}, "geometry": {"type": "Polygon", "coordinates": [[[-38.0684092, -12.649169], [-38.0684334, -12.6491185], [-38.0684232, -12.6491139], [-38.0684455, -12.6490672], [-38.068344, -12.649021], [-38.0682975, -12.6491182], [-38.0684092, -12.649169]]]}}, {"type": "Feature", "id": "1454691020", "properties": {"building": "yes"}, "geometry": {"type": "Polygon", "coordinates": [[[-38.0679093, -12.6499431], [-38.0679894, -12.6497999], [-38.0679004, -12.6497525], [-38.0678285, -12.6498811], [-38.0678884, -12.649913], [-38.0678802, -12.6499276], [-38.0679093, -12.6499431]]]}}, {"type": "Feature", "id": "1484185838", "properties": {"building": "yes", "name": "Milky Moo"}, "geometry": {"type": "Polygon", "coordinates": [[[-38.0765272, -12.6454906], [-38.0764841, -12.6454483], [-38.0764273, -12.6455033], [-38.0764703, -12.6455456], [-38.0765272, -12.6454906]]]}}, {"type": "Feature", "id": "1484313034", "properties": {"building": "yes"}, "geometry": {"type": "Polygon", "coordinates": [[[-38.0713882, -12.648894], [-38.0713606, -12.6488323], [-38.0713019, -12.6488573], [-38.0713295, -12.648919], [-38.0713882, -12.648894]]]}}, {"type": "Feature", "id": "1484313035", "properties": {"building": "yes"}, "geometry": {"type": "Polygon", "coordinates": [[[-38.0709624, -12.6492705], [-38.0710021, -12.649338], [-38.070929, -12.6493788], [-38.0708893, -12.6493114], [-38.0709624, -12.6492705]]]}}, {"type": "Feature", "id": "1484313036", "properties": {"leisure": "swimming_pool"}, "geometry": {"type": "Polygon", "coordinates": [[[-38.0710864, -12.6494357], [-38.0711018, -12.6493818], [-38.0710494, -12.6492957], [-38.0709765, -12.6492813], [-38.0710164, -12.6493529], [-38.0710494, -12.6494085], [-38.0710864, -12.6494357]]]}}, {"type": "Feature", "id": "1484313037", "properties": {"building": "yes"}, "geometry": {"type": "Polygon", "coordinates": [[[-38.0710774, -12.6507701], [-38.0710032, -12.6506463], [-38.0709466, -12.6506787], [-38.0709396, -12.6507281], [-38.070922, -12.6507382], [-38.0709277, -12.6507477], [-38.0709191, -12.6507526], [-38.0709615, -12.6508233], [-38.07097, -12.6508185], [-38.0709757, -12.6508281], [-38.0710774, -12.6507701]]]}}, {"type": "Feature", "id": "1484313038", "properties": {"building": "yes"}, "geometry": {"type": "Polygon", "coordinates": [[[-38.0708365, -12.6508744], [-38.0707642, -12.6507552], [-38.0707306, -12.6507746], [-38.0707146, -12.6507481], [-38.0706467, -12.6507873], [-38.070735, -12.650933], [-38.0708365, -12.6508744]]]}}, {"type": "Feature", "id": "1484313039", "properties": {"building": "yes"}, "geometry": {"type": "Polygon", "coordinates": [[[-38.0706133, -12.6508319], [-38.0705827, -12.6507792], [-38.0705329, -12.6508067], [-38.0705635, -12.6508594], [-38.0706133, -12.6508319]]]}}, {"type": "Feature", "id": "1484313040", "properties": {"leisure": "swimming_pool"}, "geometry": {"type": "Polygon", "coordinates": [[[-38.0705518, -12.6508567], [-38.0705268, -12.6508162], [-38.0704738, -12.6508473], [-38.0704987, -12.6508878], [-38.0705518, -12.6508567]]]}}, {"type": "Feature", "id": "1484313041", "properties": {"building": "yes"}, "geometry": {"type": "Polygon", "coordinates": [[[-38.0704608, -12.6510867], [-38.070416, -12.6510122], [-38.0703679, -12.6510397], [-38.0703568, -12.6510211], [-38.0703097, -12.6510481], [-38.0703656, -12.6511411], [-38.0704608, -12.6510867]]]}}, {"type": "Feature", "id": "1484313042", "properties": {"building": "yes"}, "geometry": {"type": "Polygon", "coordinates": [[[-38.07034, -12.6511616], [-38.0703097, -12.6511092], [-38.0702887, -12.6511208], [-38.0702608, -12.6510726], [-38.0701749, -12.6511199], [-38.0702471, -12.6512447], [-38.0703202, -12.6512044], [-38.0703062, -12.6511802], [-38.07034, -12.6511616]]]}}, {"type": "Feature", "id": "1484313043", "properties": {"building": "yes"}, "geometry": {"type": "Polygon", "coordinates": [[[-38.0702149, -12.6512552], [-38.0701874, -12.6512019], [-38.0701225, -12.6512338], [-38.0701014, -12.651193], [-38.0700555, -12.6512155], [-38.0701041, -12.6513097], [-38.0702149, -12.6512552]]]}}, {"type": "Feature", "id": "1484313044", "properties": {"building": "yes"}, "geometry": {"type": "Polygon", "coordinates": [[[-38.070117, -12.6513664], [-38.0700295, -12.6512078], [-38.0699394, -12.6512551], [-38.0700269, -12.6514137], [-38.070117, -12.6513664]]]}}, {"type": "Feature", "id": "1484313045", "properties": {"building": "yes"}, "geometry": {"type": "Polygon", "coordinates": [[[-38.0693582, -12.6521979], [-38.0693267, -12.6520868], [-38.0691626, -12.6521311], [-38.0691681, -12.6521503], [-38.0691484, -12.6521556], [-38.0691745, -12.6522475], [-38.0693582, -12.6521979]]]}}, {"type": "Feature", "id": "1484313046", "properties": {"building": "yes"}, "geometry": {"type": "Polygon", "coordinates": [[[-38.0695462, -12.6520838], [-38.0695675, -12.6520055], [-38.0693943, -12.6519606], [-38.0693656, -12.6520657], [-38.0694663, -12.6520918], [-38.0694736, -12.652065], [-38.0695462, -12.6520838]]]}}, {"type": "Feature", "id": "1484313047", "properties": {"leisure": "swimming_pool"}, "geometry": {"type": "Polygon", "coordinates": [[[-38.0695341, -12.6514231], [-38.0695322, -12.6514344], [-38.0694623, -12.6514746], [-38.069441, -12.6514394], [-38.0695174, -12.6513955], [-38.0695341, -12.6514231]]]}}, {"type": "Feature", "id": "1484313048", "properties": {"leisure": "swimming_pool"}, "geometry": {"type": "Polygon", "coordinates": [[[-38.0699297, -12.6512132], [-38.0699416, -12.6512354], [-38.0699892, -12.6512111], [-38.0699772, -12.6511889], [-38.0699297, -12.6512132]]]}}, {"type": "Feature", "id": "1484313049", "properties": {"leisure": "swimming_pool"}, "geometry": {"type": "Polygon", "coordinates": [[[-38.0701496, -12.6511846], [-38.0701326, -12.6511491], [-38.0700987, -12.6511645], [-38.0701157, -12.6512], [-38.0701496, -12.6511846]]]}}, {"type": "Feature", "id": "1484313050", "properties": {"leisure": "swimming_pool"}, "geometry": {"type": "Polygon", "coordinates": [[[-38.0701591, -12.6510902], [-38.0701308, -12.6510455], [-38.0701073, -12.6510597], [-38.0701356, -12.6511044], [-38.0701591, -12.6510902]]]}}, {"type": "Feature", "id": "1484313051", "properties": {"building": "yes"}, "geometry": {"type": "Polygon", "coordinates": [[[-38.0708154, -12.6506801], [-38.070796, -12.6506498], [-38.0707658, -12.6506683], [-38.0707851, -12.6506985], [-38.0708154, -12.6506801]]]}}, {"type": "Feature", "id": "1484313052", "properties": {"building": "yes"}, "geometry": {"type": "Polygon", "coordinates": [[[-38.0713232, -12.6508704], [-38.0712608, -12.6507725], [-38.0711912, -12.6508147], [-38.0711832, -12.650802], [-38.0711564, -12.6508182], [-38.0712441, -12.650956], [-38.0712893, -12.6509286], [-38.071272, -12.6509014], [-38.0713232, -12.6508704]]]}}, {"type": "Feature", "id": "1484313053", "properties": {"building": "yes"}, "geometry": {"type": "Polygon", "coordinates": [[[-38.0712155, -12.6509539], [-38.0711488, -12.6508404], [-38.0711251, -12.6508537], [-38.0711113, -12.6508302], [-38.0710389, -12.6508707], [-38.0710767, -12.6509351], [-38.0710609, -12.6509439], [-38.0711168, -12.6510391], [-38.0711876, -12.6509994], [-38.0711744, -12.6509769], [-38.0712155, -12.6509539]]]}}, {"type": "Feature", "id": "1484313054", "properties": {"building": "yes"}, "geometry": {"type": "Polygon", "coordinates": [[[-38.0709481, -12.6510847], [-38.0708766, -12.6509479], [-38.0707548, -12.6510146], [-38.0707762, -12.6510518], [-38.0708141, -12.651031], [-38.0708512, -12.6510954], [-38.0708188, -12.6511131], [-38.0708547, -12.6511755], [-38.0709209, -12.6511393], [-38.0709041, -12.6511101], [-38.0709481, -12.6510847]]]}}, {"type": "Feature", "id": "1484313055", "properties": {"building": "yes"}, "geometry": {"type": "Polygon", "coordinates": [[[-38.0708463, -12.6511795], [-38.0708018, -12.6511024], [-38.0707874, -12.6511103], [-38.0707529, -12.6510504], [-38.0706705, -12.6510957], [-38.0707495, -12.6512327], [-38.0708463, -12.6511795]]]}}, {"type": "Feature", "id": "1484313056", "properties": {"building": "yes"}, "geometry": {"type": "Polygon", "coordinates": [[[-38.0707421, -12.6513001], [-38.0706643, -12.6511705], [-38.0705907, -12.6512126], [-38.0706248, -12.6512693], [-38.0706007, -12.651283], [-38.0706481, -12.651362], [-38.0707163, -12.651323], [-38.0707126, -12.6513169], [-38.0707421, -12.6513001]]]}}, {"type": "Feature", "id": "1484313057", "properties": {"building": "yes"}, "geometry": {"type": "Polygon", "coordinates": [[[-38.070604, -12.651363], [-38.0705804, -12.6513235], [-38.0705937, -12.6513159], [-38.0705632, -12.6512649], [-38.0705493, -12.6512728], [-38.0705097, -12.6512066], [-38.0704273, -12.6512535], [-38.0704685, -12.6513225], [-38.0704481, -12.6513341], [-38.0704781, -12.6513843], [-38.0704876, -12.6513789], [-38.07051, -12.6514165], [-38.070604, -12.651363]]]}}, {"type": "Feature", "id": "1484313058", "properties": {"building": "yes"}, "geometry": {"type": "Polygon", "coordinates": [[[-38.0704948, -12.6514385], [-38.0704213, -12.6513155], [-38.0703328, -12.6513659], [-38.0703555, -12.6514039], [-38.0703488, -12.6514077], [-38.0703593, -12.6514252], [-38.0703431, -12.6514345], [-38.0703756, -12.6514888], [-38.0704137, -12.6514671], [-38.0704215, -12.6514802], [-38.0704948, -12.6514385]]]}}, {"type": "Feature", "id": "1484313059", "properties": {"building": "yes"}, "geometry": {"type": "Polygon", "coordinates": [[[-38.0703548, -12.6514786], [-38.0702847, -12.6513506], [-38.0702119, -12.6513886], [-38.0702173, -12.6513985], [-38.070182, -12.651417], [-38.0702467, -12.651535], [-38.0703548, -12.6514786]]]}}, {"type": "Feature", "id": "1484313060", "properties": {"building": "yes"}, "geometry": {"type": "Polygon", "coordinates": [[[-38.070225, -12.6515675], [-38.0701475, -12.6514716], [-38.070114, -12.6514974], [-38.0701062, -12.6514877], [-38.0700744, -12.6515122], [-38.0701619, -12.6516206], [-38.070141, -12.6516367], [-38.0701547, -12.6516537], [-38.0702228, -12.6516014], [-38.0702068, -12.6515816], [-38.070225, -12.6515675]]]}}, {"type": "Feature", "id": "1484313061", "properties": {"building": "yes"}, "geometry": {"type": "Polygon", "coordinates": [[[-38.0700169, -12.6516872], [-38.0700923, -12.6516131], [-38.0700802, -12.6516015], [-38.0700914, -12.6515906], [-38.0700614, -12.6515615], [-38.0700674, -12.6515556], [-38.0700274, -12.6515169], [-38.0700096, -12.6515344], [-38.0699931, -12.6515184], [-38.0699184, -12.6515919], [-38.0700169, -12.6516872]]]}}, {"type": "Feature", "id": "1484313062", "properties": {"building": "yes"}, "geometry": {"type": "Polygon", "coordinates": [[[-38.0699849, -12.6517106], [-38.0699214, -12.6516492], [-38.0699351, -12.6516357], [-38.0698853, -12.6515876], [-38.0698175, -12.6516544], [-38.0698742, -12.6517092], [-38.0698631, -12.6517202], [-38.0699197, -12.6517748], [-38.0699849, -12.6517106]]]}}, {"type": "Feature", "id": "1484313063", "properties": {"building": "yes"}, "geometry": {"type": "Polygon", "coordinates": [[[-38.069796, -12.6516831], [-38.069745, -12.651647], [-38.0696799, -12.6517347], [-38.0697399, -12.6517771], [-38.0697191, -12.6518052], [-38.0697572, -12.6518321], [-38.0697916, -12.6517859], [-38.0697746, -12.6517739], [-38.0697985, -12.6517417], [-38.0698062, -12.6517471], [-38.0698256, -12.651721], [-38.0697877, -12.6516942], [-38.069796, -12.6516831]]]}}, {"type": "Feature", "id": "1484313064", "properties": {"building": "yes"}, "geometry": {"type": "Polygon", "coordinates": [[[-38.0696937, -12.6517972], [-38.0695607, -12.6517359], [-38.0695146, -12.6518311], [-38.0696319, -12.6518852], [-38.0696632, -12.6518206], [-38.0696789, -12.6518279], [-38.0696937, -12.6517972]]]}}, {"type": "Feature", "id": "1484313065", "properties": {"building": "yes"}, "geometry": {"type": "Polygon", "coordinates": [[[-38.0695897, -12.651884], [-38.0694973, -12.6518576], [-38.0694947, -12.6518663], [-38.0694572, -12.6518556], [-38.0694298, -12.6519468], [-38.06955, -12.6519812], [-38.0695669, -12.651925], [-38.0695765, -12.6519278], [-38.0695897, -12.651884]]]}}, {"type": "Feature", "id": "1484340975", "properties": {"landuse": "grass"}, "geometry": {"type": "Polygon", "coordinates": [[[-38.070973, -12.6503659], [-38.0708538, -12.650337], [-38.0708258, -12.650441], [-38.070973, -12.6503659]]]}}, {"type": "Feature", "id": "1484340976", "properties": {"landuse": "grass"}, "geometry": {"type": "Polygon", "coordinates": [[[-38.0705963, -12.6504148], [-38.0706275, -12.6502912], [-38.0705615, -12.6502773], [-38.0705372, -12.6502814], [-38.0704001, -12.6503664], [-38.0705963, -12.6504148]]]}}, {"type": "Feature", "id": "1484340977", "properties": {"landuse": "grass"}, "geometry": {"type": "Polygon", "coordinates": [[[-38.070316, -12.6507265], [-38.0701843, -12.6506876], [-38.070153, -12.6508102], [-38.070316, -12.6507265]]]}}, {"type": "Feature", "id": "1484340978", "properties": {"landuse": "grass"}, "geometry": {"type": "Polygon", "coordinates": [[[-38.0700782, -12.650629], [-38.0701052, -12.650525], [-38.0699581, -12.6505997], [-38.0700782, -12.650629]]]}}, {"type": "Feature", "id": "1484340979", "properties": {"landuse": "grass"}, "geometry": {"type": "Polygon", "coordinates": [[[-38.070066, -12.6506673], [-38.0699306, -12.6506266], [-38.0698484, -12.6506685], [-38.069819, -12.650696], [-38.0698043, -12.6507181], [-38.0697921, -12.6507456], [-38.0697908, -12.6507731], [-38.0697951, -12.6508012], [-38.0698515, -12.6507684], [-38.0700298, -12.6508072], [-38.070066, -12.6506673]]]}}, {"type": "Feature", "id": "1484340980", "properties": {"landuse": "forest"}, "geometry": {"type": "Polygon", "coordinates": [[[-38.0685399, -12.6510369], [-38.0683033, -12.6507312], [-38.0681408, -12.6507542], [-38.0681483, -12.6510024], [-38.067971, -12.6510968], [-38.0678571, -12.6510887], [-38.0677237, -12.6510792], [-38.0677294, -12.6511293], [-38.0677806, -12.651144], [-38.0678438, -12.6511543], [-38.0678288, -12.6512115], [-38.0677129, -12.6512159], [-38.0676407, -12.6512013], [-38.0676166, -12.6512233], [-38.0676377, -12.6512644], [-38.0676948, -12.6513187], [-38.0677746, -12.6513437], [-38.0679115, -12.651354], [-38.0680033, -12.6513407], [-38.0680921, -12.6513393], [-38.0681613, -12.6512938], [-38.0681809, -12.6512218], [-38.0682365, -12.6511572], [-38.0683088, -12.6510941], [-38.0684442, -12.6510486], [-38.0685399, -12.6510369]]]}}, {"type": "Feature", "id": "1484340981", "properties": {"landuse": "forest"}, "geometry": {"type": "Polygon", "coordinates": [[[-38.0690568, -12.6519548], [-38.0690141, -12.6519684], [-38.0690033, -12.6520104], [-38.0690009, -12.6520507], [-38.068981, -12.6520983], [-38.0689761, -12.6521629], [-38.0689248, -12.6521959], [-38.0689197, -12.6523082], [-38.0689612, -12.6524358], [-38.0690519, -12.6524219], [-38.0690972, -12.6523954], [-38.0690622, -12.6523233], [-38.0690052, -12.6522412], [-38.0690467, -12.6521843], [-38.0690982, -12.652166], [-38.0691684, -12.6521019], [-38.0690568, -12.6519548]]]}}, {"type": "Feature", "id": "1488626774", "properties": {"landuse": "forest"}, "geometry": {"type": "Polygon", "coordinates": [[[-38.0742289, -12.6508653], [-38.0740183, -12.6507358], [-38.0739115, -12.6507442], [-38.0738477, -12.6506818], [-38.0737795, -12.650637], [-38.0737184, -12.6506199], [-38.0736579, -12.6506232], [-38.0735875, -12.6506183], [-38.0735837, -12.650688], [-38.0736035, -12.6507066], [-38.0736265, -12.6507254], [-38.0735975, -12.6507864], [-38.0736272, -12.6508613], [-38.0737026, -12.6508192], [-38.073774, -12.6508402], [-38.0737672, -12.6509362], [-38.0737238, -12.6509861], [-38.0737038, -12.6510173], [-38.0737038, -12.6510543], [-38.0737328, -12.6510562], [-38.0737877, -12.650989], [-38.0738216, -12.6509968], [-38.0738815, -12.6510348], [-38.0739474, -12.6510368], [-38.0739664, -12.6510036], [-38.0740592, -12.6509832], [-38.0740792, -12.6510387], [-38.0740802, -12.6510767], [-38.074194, -12.6511205], [-38.0742369, -12.6511049], [-38.074262, -12.6510668], [-38.0742359, -12.6509997], [-38.0742389, -12.6509559], [-38.0742289, -12.6508653]]]}}, {"type": "Feature", "id": "1488626775", "properties": {"landuse": "forest"}, "geometry": {"type": "Polygon", "coordinates": [[[-38.0746594, -12.6514081], [-38.0747668, -12.6514414], [-38.074873, -12.6515343], [-38.0749477, -12.6515997], [-38.0749797, -12.6516277], [-38.0749923, -12.6516387], [-38.0750747, -12.6516208], [-38.0751179, -12.651645], [-38.0751614, -12.651708], [-38.0752366, -12.6517605], [-38.0752678, -12.6518147], [-38.0752858, -12.6518644], [-38.0753152, -12.6518966], [-38.0753145, -12.6519319], [-38.075325, -12.6519783], [-38.075347, -12.6519986], [-38.07534, -12.6520495], [-38.0753134, -12.6520722], [-38.07526, -12.6521129], [-38.075209, -12.6521118], [-38.075078, -12.6519353], [-38.0750212, -12.651847], [-38.0749736, -12.6518267], [-38.0749493, -12.6518878], [-38.0748971, -12.6518844], [-38.0748948, -12.6518312], [-38.0748983, -12.651778], [-38.0748577, -12.6517531], [-38.0747962, -12.6516479], [-38.074729, -12.6516604], [-38.0746757, -12.6516479], [-38.0746536, -12.6516083], [-38.0747151, -12.6515846], [-38.0747302, -12.6515438], [-38.0746919, -12.6515122], [-38.0746351, -12.6514771], [-38.0746038, -12.6514511], [-38.0746096, -12.6514205], [-38.0746594, -12.6514081]]]}}, {"type": "Feature", "id": "1488626777", "properties": {"landuse": "forest"}, "geometry": {"type": "Polygon", "coordinates": [[[-38.0745986, -12.6513258], [-38.0746096, -12.6513569], [-38.0745776, -12.6513774], [-38.0745427, -12.651392], [-38.0744698, -12.6513988], [-38.0744289, -12.6513745], [-38.0744119, -12.6513404], [-38.0744179, -12.6512586], [-38.0744449, -12.6512362], [-38.0744658, -12.651243], [-38.0744988, -12.6512888], [-38.0745487, -12.6513092], [-38.0745986, -12.6513258]]]}}, {"type": "Feature", "id": "1488626778", "properties": {"landuse": "forest"}, "geometry": {"type": "Polygon", "coordinates": [[[-38.0742182, -12.6511514], [-38.0742342, -12.6512069], [-38.0742392, -12.6512478], [-38.0742602, -12.6513024], [-38.0742332, -12.6513365], [-38.0742063, -12.6513482], [-38.0741494, -12.6513267], [-38.0741234, -12.6512965], [-38.0741224, -12.6512459], [-38.0741564, -12.6511952], [-38.0741853, -12.6511504], [-38.0742182, -12.6511514]]]}}, {"type": "Feature", "id": "1488626779", "properties": {"landuse": "forest"}, "geometry": {"type": "Polygon", "coordinates": [[[-38.0735837, -12.650688], [-38.0735073, -12.6506868], [-38.0734524, -12.6507111], [-38.0734075, -12.6507452], [-38.0733755, -12.6508075], [-38.0733306, -12.6508592], [-38.0733017, -12.6508572], [-38.0733106, -12.6508183], [-38.0733656, -12.6507345], [-38.0733825, -12.6506712], [-38.0733665, -12.6506049], [-38.0732587, -12.6505173], [-38.0731879, -12.6504579], [-38.0731509, -12.6504423], [-38.0730909, -12.6504757], [-38.0731143, -12.6503825], [-38.0731771, -12.6503705], [-38.0732516, -12.6503608], [-38.0732819, -12.6503862], [-38.0732778, -12.6504181], [-38.0732997, -12.6504407], [-38.0733545, -12.6504626], [-38.0734045, -12.6504931], [-38.0734683, -12.6504917], [-38.0735176, -12.6505224], [-38.0735526, -12.6505638], [-38.0735875, -12.6506183], [-38.0735837, -12.650688]]]}}, {"type": "Feature", "id": "1488626784", "properties": {"building": "yes"}, "geometry": {"type": "Polygon", "coordinates": [[[-38.0761637, -12.6533567], [-38.076104, -12.6533379], [-38.0760847, -12.6533959], [-38.0761444, -12.6534147], [-38.0761637, -12.6533567]]]}}, {"type": "Feature", "id": "1512216666", "properties": {"highway": "trunk", "name": "Estrada do Coco"}, "geometry": {"type": "LineString", "coordinates": [[-38.0794884, -12.6473223], [-38.0809159, -12.6485212]]}}, {"type": "Feature", "id": "1512216672", "properties": {"highway": "footway"}, "geometry": {"type": "LineString", "coordinates": [[-38.0754456, -12.6468972], [-38.0753407, -12.6468947], [-38.0752801, -12.6468945], [-38.0751812, -12.6468941], [-38.0750823, -12.6468947], [-38.0750095, -12.6468937], [-38.074992, -12.6468899]]}}, {"type": "Feature", "id": "1547597368", "properties": {"leisure": "swimming_pool"}, "geometry": {"type": "Polygon", "coordinates": [[[-38.0698044, -12.6496889], [-38.0697825, -12.6496516], [-38.0697049, -12.6496949], [-38.0697268, -12.6497323], [-38.0698044, -12.6496889]]]}}, {"type": "Feature", "id": "1547597369", "properties": {"leisure": "swimming_pool"}, "geometry": {"type": "Polygon", "coordinates": [[[-38.0700137, -12.6493939], [-38.0700567, -12.6494656], [-38.0700898, -12.6494468], [-38.0700468, -12.649375], [-38.0700137, -12.6493939]]]}}, {"type": "Feature", "id": "1547597370", "properties": {"leisure": "swimming_pool"}, "geometry": {"type": "Polygon", "coordinates": [[[-38.069496, -12.649341], [-38.069547, -12.6493865], [-38.0695226, -12.6494126], [-38.0694716, -12.6493671], [-38.069496, -12.649341]]]}}, {"type": "Feature", "id": "1547597371", "properties": {"leisure": "swimming_pool"}, "geometry": {"type": "Polygon", "coordinates": [[[-38.0698516, -12.6493127], [-38.0698719, -12.6493528], [-38.0698413, -12.6493676], [-38.069821, -12.6493275], [-38.0698516, -12.6493127]]]}}, {"type": "Feature", "id": "1547597372", "properties": {"leisure": "swimming_pool"}, "geometry": {"type": "Polygon", "coordinates": [[[-38.0704105, -12.6496511], [-38.0703443, -12.6496878], [-38.0703674, -12.6497276], [-38.0703971, -12.6497112], [-38.0703874, -12.6496944], [-38.070424, -12.6496741], [-38.0704105, -12.6496511]]]}}, {"type": "Feature", "id": "1547597373", "properties": {"leisure": "swimming_pool"}, "geometry": {"type": "Polygon", "coordinates": [[[-38.0702512, -12.6497194], [-38.0701827, -12.6497571], [-38.0701648, -12.649726], [-38.0702138, -12.6496991], [-38.0702238, -12.6497164], [-38.0702432, -12.6497057], [-38.0702512, -12.6497194]]]}}, {"type": "Feature", "id": "1547597374", "properties": {"leisure": "swimming_pool"}, "geometry": {"type": "Polygon", "coordinates": [[[-38.0701199, -12.6497493], [-38.0700652, -12.6497303], [-38.0700543, -12.6497603], [-38.0700635, -12.6497811], [-38.0700823, -12.6497845], [-38.0700926, -12.6498032], [-38.0701368, -12.6497799], [-38.0701199, -12.6497493]]]}}, {"type": "Feature", "id": "1547597375", "properties": {"leisure": "swimming_pool"}, "geometry": {"type": "Polygon", "coordinates": [[[-38.0698226, -12.649905], [-38.0698664, -12.649945], [-38.0698509, -12.6499612], [-38.0698353, -12.6499469], [-38.0698059, -12.6499775], [-38.0697777, -12.6499518], [-38.0698226, -12.649905]]]}}, {"type": "Feature", "id": "1547597376", "properties": {"leisure": "swimming_pool"}, "geometry": {"type": "Polygon", "coordinates": [[[-38.069892, -12.6502228], [-38.0699188, -12.6502606], [-38.0698969, -12.6502753], [-38.0698701, -12.6502375], [-38.069892, -12.6502228]]]}}, {"type": "Feature", "id": "1547597377", "properties": {"leisure": "swimming_pool"}, "geometry": {"type": "Polygon", "coordinates": [[[-38.0698321, -12.6504056], [-38.0698571, -12.6504418], [-38.0698387, -12.650454], [-38.0698136, -12.6504178], [-38.0698321, -12.6504056]]]}}, {"type": "Feature", "id": "1547597378", "properties": {"leisure": "swimming_pool"}, "geometry": {"type": "Polygon", "coordinates": [[[-38.0693326, -12.650435], [-38.0693412, -12.6504851], [-38.0693064, -12.6504908], [-38.0692978, -12.6504407], [-38.0693326, -12.650435]]]}}, {"type": "Feature", "id": "1547597379", "properties": {"leisure": "swimming_pool"}, "geometry": {"type": "Polygon", "coordinates": [[[-38.0692009, -12.6507808], [-38.0692123, -12.6507984], [-38.0691749, -12.6508215], [-38.0691635, -12.6508039], [-38.0692009, -12.6507808]]]}}, {"type": "Feature", "id": "1547597380", "properties": {"leisure": "swimming_pool"}, "geometry": {"type": "Polygon", "coordinates": [[[-38.0689453, -12.6507885], [-38.0689477, -12.6508406], [-38.0689167, -12.650842], [-38.0689143, -12.6507899], [-38.0689453, -12.6507885]]]}}, {"type": "Feature", "id": "1547597381", "properties": {"leisure": "swimming_pool"}, "geometry": {"type": "Polygon", "coordinates": [[[-38.0685688, -12.6507078], [-38.0685963, -12.6507802], [-38.0685492, -12.6507973], [-38.0685217, -12.6507249], [-38.0685688, -12.6507078]]]}}, {"type": "Feature", "id": "1547597382", "properties": {"leisure": "swimming_pool"}, "geometry": {"type": "Polygon", "coordinates": [[[-38.0694155, -12.6503843], [-38.0694073, -12.6504273], [-38.0693888, -12.650424], [-38.0693835, -12.6504522], [-38.0693581, -12.6504476], [-38.0693658, -12.6504071], [-38.0693732, -12.6504085], [-38.069379, -12.6503777], [-38.0694155, -12.6503843]]]}}, {"type": "Feature", "id": "1547597847", "properties": {"leisure": "swimming_pool"}, "geometry": {"type": "Polygon", "coordinates": [[[-38.0701904, -12.6501981], [-38.0701782, -12.6502101], [-38.0701776, -12.6502266], [-38.0701881, -12.6502414], [-38.0702074, -12.6502454], [-38.0702243, -12.6502346], [-38.0702272, -12.6502192], [-38.0702231, -12.650205], [-38.0702097, -12.6501959], [-38.0701904, -12.6501981]]]}}, {"type": "Feature", "id": "1547597848", "properties": {"leisure": "swimming_pool"}, "geometry": {"type": "Polygon", "coordinates": [[[-38.0720959, -12.6502288], [-38.0720793, -12.6502597], [-38.0720292, -12.6502341], [-38.0720458, -12.6502032], [-38.0720959, -12.6502288]]]}}, {"type": "Feature", "id": "1547597849", "properties": {"leisure": "swimming_pool"}, "geometry": {"type": "Polygon", "coordinates": [[[-38.0722864, -12.6503006], [-38.0723209, -12.6503147], [-38.0723376, -12.6502757], [-38.0723474, -12.6502797], [-38.0723552, -12.6502617], [-38.0723109, -12.6502436], [-38.0722864, -12.6503006]]]}}, {"type": "Feature", "id": "1547597850", "properties": {"leisure": "swimming_pool"}, "geometry": {"type": "Polygon", "coordinates": [[[-38.0724627, -12.6503848], [-38.0724407, -12.6504213], [-38.0723899, -12.6503921], [-38.072412, -12.6503556], [-38.0724627, -12.6503848]]]}}, {"type": "Feature", "id": "1547597851", "properties": {"leisure": "swimming_pool"}, "geometry": {"type": "Polygon", "coordinates": [[[-38.0718135, -12.6504824], [-38.0718397, -12.6505186], [-38.0718078, -12.6505407], [-38.0717815, -12.6505045], [-38.0718135, -12.6504824]]]}}, {"type": "Feature", "id": "1547597852", "properties": {"leisure": "swimming_pool"}, "geometry": {"type": "Polygon", "coordinates": [[[-38.071748, -12.650608], [-38.0717683, -12.6506447], [-38.071704, -12.6506785], [-38.0716837, -12.6506418], [-38.071748, -12.650608]]]}}, {"type": "Feature", "id": "1547597853", "properties": {"leisure": "swimming_pool"}, "geometry": {"type": "Polygon", "coordinates": [[[-38.0714677, -12.6506749], [-38.071483, -12.6506996], [-38.0714345, -12.6507282], [-38.0714192, -12.6507035], [-38.0714677, -12.6506749]]]}}, {"type": "Feature", "id": "1547597854", "properties": {"leisure": "swimming_pool"}, "geometry": {"type": "Polygon", "coordinates": [[[-38.0718068, -12.6508335], [-38.0717931, -12.6508434], [-38.0717718, -12.6508459], [-38.0717616, -12.6508345], [-38.0717519, -12.6508206], [-38.0717545, -12.6508082], [-38.0717646, -12.6507943], [-38.0717804, -12.6507789], [-38.0717916, -12.650768], [-38.0718063, -12.650768], [-38.071817, -12.6507765], [-38.071817, -12.6507889], [-38.0718099, -12.6508067], [-38.0718088, -12.6508176], [-38.0718068, -12.6508335]]]}}, {"type": "Feature", "id": "1547597855", "properties": {"leisure": "swimming_pool"}, "geometry": {"type": "Polygon", "coordinates": [[[-38.0720565, -12.6507076], [-38.0720786, -12.6507551], [-38.0721053, -12.6507433], [-38.0720832, -12.6506958], [-38.0720565, -12.6507076]]]}}, {"type": "Feature", "id": "1547597856", "properties": {"leisure": "swimming_pool"}, "geometry": {"type": "Polygon", "coordinates": [[[-38.0722668, -12.6510268], [-38.0722878, -12.6510439], [-38.0722819, -12.651057], [-38.0722691, -12.6510644], [-38.0722557, -12.6510553], [-38.0722154, -12.65109], [-38.0721955, -12.6510701], [-38.0722358, -12.6510285], [-38.0722668, -12.6510268]]]}}, {"type": "Feature", "id": "1547597857", "properties": {"leisure": "swimming_pool"}, "geometry": {"type": "Polygon", "coordinates": [[[-38.072502, -12.6510016], [-38.0724893, -12.6510241], [-38.0724502, -12.6510031], [-38.0724629, -12.6509806], [-38.072502, -12.6510016]]]}}, {"type": "Feature", "id": "1547597858", "properties": {"leisure": "swimming_pool"}, "geometry": {"type": "Polygon", "coordinates": [[[-38.0725934, -12.6510252], [-38.0725689, -12.6510794], [-38.072539, -12.6510666], [-38.0725634, -12.6510123], [-38.0725934, -12.6510252]]]}}, {"type": "Feature", "id": "1547597859", "properties": {"leisure": "swimming_pool"}, "geometry": {"type": "Polygon", "coordinates": [[[-38.0707888, -12.650943], [-38.0708079, -12.6509753], [-38.0707529, -12.6510062], [-38.0707338, -12.6509739], [-38.0707888, -12.650943]]]}}, {"type": "Feature", "id": "1547597860", "properties": {"leisure": "swimming_pool"}, "geometry": {"type": "Polygon", "coordinates": [[[-38.0708426, -12.6512501], [-38.0708583, -12.6512783], [-38.0708038, -12.6513071], [-38.0707792, -12.6512629], [-38.0707975, -12.6512531], [-38.0708065, -12.6512692], [-38.0708426, -12.6512501]]]}}, {"type": "Feature", "id": "1547597861", "properties": {"leisure": "swimming_pool"}, "geometry": {"type": "Polygon", "coordinates": [[[-38.0709031, -12.651186], [-38.0709228, -12.6512158], [-38.0708861, -12.6512388], [-38.0708665, -12.651209], [-38.0709031, -12.651186]]]}}, {"type": "Feature", "id": "1547597862", "properties": {"leisure": "swimming_pool"}, "geometry": {"type": "Polygon", "coordinates": [[[-38.0713636, -12.6509769], [-38.0713106, -12.65101], [-38.0712945, -12.6509855], [-38.0713474, -12.6509524], [-38.0713636, -12.6509769]]]}}, {"type": "Feature", "id": "1547597863", "properties": {"leisure": "swimming_pool"}, "geometry": {"type": "Polygon", "coordinates": [[[-38.0711901, -12.6510462], [-38.0712036, -12.6510684], [-38.0711409, -12.651105], [-38.0711273, -12.6510828], [-38.0711901, -12.6510462]]]}}, {"type": "Feature", "id": "1547597864", "properties": {"leisure": "swimming_pool"}, "geometry": {"type": "Polygon", "coordinates": [[[-38.0715444, -12.6510641], [-38.0715705, -12.6511078], [-38.0715917, -12.6510957], [-38.0715656, -12.651052], [-38.0715444, -12.6510641]]]}}, {"type": "Feature", "id": "1547597865", "properties": {"leisure": "swimming_pool"}, "geometry": {"type": "Polygon", "coordinates": [[[-38.0714904, -12.6510576], [-38.071506, -12.6510859], [-38.0714892, -12.6510947], [-38.0714969, -12.6511088], [-38.0714732, -12.6511212], [-38.0714498, -12.6510788], [-38.0714904, -12.6510576]]]}}, {"type": "Feature", "id": "1547597866", "properties": {"leisure": "swimming_pool"}, "geometry": {"type": "Polygon", "coordinates": [[[-38.0713925, -12.6511706], [-38.0714132, -12.6512015], [-38.0713962, -12.6512124], [-38.0713755, -12.6511814], [-38.0713925, -12.6511706]]]}}, {"type": "Feature", "id": "1547597867", "properties": {"leisure": "swimming_pool"}, "geometry": {"type": "Polygon", "coordinates": [[[-38.0708657, -12.6514162], [-38.0708973, -12.6514464], [-38.0708375, -12.6515061], [-38.0708058, -12.6514759], [-38.0708657, -12.6514162]]]}}, {"type": "Feature", "id": "1547597868", "properties": {"leisure": "swimming_pool"}, "geometry": {"type": "Polygon", "coordinates": [[[-38.0712857, -12.6513915], [-38.0712472, -12.6514308], [-38.0712295, -12.6514143], [-38.071268, -12.651375], [-38.0712857, -12.6513915]]]}}, {"type": "Feature", "id": "1547597869", "properties": {"leisure": "swimming_pool"}, "geometry": {"type": "Polygon", "coordinates": [[[-38.0703626, -12.6512722], [-38.0703228, -12.6512993], [-38.0703089, -12.6512799], [-38.0703488, -12.6512529], [-38.0703626, -12.6512722]]]}}, {"type": "Feature", "id": "1547597870", "properties": {"leisure": "swimming_pool"}, "geometry": {"type": "Polygon", "coordinates": [[[-38.0700438, -12.6516737], [-38.0700786, -12.6517078], [-38.0700821, -12.651706], [-38.0700901, -12.6517139], [-38.0701054, -12.6516991], [-38.0700618, -12.6516563], [-38.0700438, -12.6516737]]]}}, {"type": "Feature", "id": "1547597871", "properties": {"leisure": "swimming_pool"}, "geometry": {"type": "Polygon", "coordinates": [[[-38.0699973, -12.651757], [-38.0699675, -12.6517885], [-38.0699425, -12.651766], [-38.0699723, -12.6517345], [-38.0699973, -12.651757]]]}}, {"type": "Feature", "id": "1547598532", "properties": {"leisure": "swimming_pool"}, "geometry": {"type": "Polygon", "coordinates": [[[-38.0696083, -12.6520391], [-38.0695975, -12.6520703], [-38.0695632, -12.65208], [-38.0695593, -12.6520443], [-38.0695959, -12.6520297], [-38.0696083, -12.6520391]]]}}, {"type": "Feature", "id": "1547598533", "properties": {"leisure": "swimming_pool"}, "geometry": {"type": "Polygon", "coordinates": [[[-38.0698711, -12.6520491], [-38.0699006, -12.6520684], [-38.0699161, -12.6520675], [-38.0699778, -12.6521196], [-38.069945, -12.6521566], [-38.0699187, -12.6521344], [-38.0698979, -12.6521353], [-38.0698462, -12.6520814], [-38.0698711, -12.6520491]]]}}, {"type": "Feature", "id": "1547598534", "properties": {"leisure": "swimming_pool"}, "geometry": {"type": "Polygon", "coordinates": [[[-38.0699906, -12.6519549], [-38.0700279, -12.6520044], [-38.070051, -12.6519878], [-38.070055, -12.6519932], [-38.0700741, -12.6519796], [-38.0700628, -12.6519645], [-38.0700527, -12.6519718], [-38.0700226, -12.6519319], [-38.0699906, -12.6519549]]]}}, {"type": "Feature", "id": "1547598535", "properties": {"leisure": "swimming_pool"}, "geometry": {"type": "Polygon", "coordinates": [[[-38.070151, -12.6518626], [-38.0700913, -12.6519085], [-38.0700666, -12.651878], [-38.0701263, -12.6518321], [-38.070151, -12.6518626]]]}}, {"type": "Feature", "id": "1547598536", "properties": {"leisure": "swimming_pool"}, "geometry": {"type": "Polygon", "coordinates": [[[-38.0692837, -12.6522232], [-38.0693051, -12.6522361], [-38.0692812, -12.6522782], [-38.0692466, -12.6522871], [-38.069239, -12.6522559], [-38.0692664, -12.6522484], [-38.0692837, -12.6522232]]]}}, {"type": "Feature", "id": "1547598537", "properties": {"leisure": "swimming_pool"}, "geometry": {"type": "Polygon", "coordinates": [[[-38.0696562, -12.6523982], [-38.069673, -12.6524344], [-38.0696476, -12.6524463], [-38.0696389, -12.6524359], [-38.0696252, -12.6524359], [-38.0696166, -12.6524146], [-38.0696562, -12.6523982]]]}}, {"type": "Feature", "id": "1547598538", "properties": {"leisure": "swimming_pool"}, "geometry": {"type": "Polygon", "coordinates": [[[-38.0692321, -12.6525181], [-38.0692436, -12.6525555], [-38.0692067, -12.6525663], [-38.0691952, -12.6525289], [-38.0692321, -12.6525181]]]}}, {"type": "Feature", "id": "1547598539", "properties": {"leisure": "swimming_pool"}, "geometry": {"type": "Polygon", "coordinates": [[[-38.0695784, -12.6528763], [-38.0695545, -12.6528981], [-38.0695398, -12.6528882], [-38.0695159, -12.6528847], [-38.069491, -12.6528723], [-38.0694686, -12.652847], [-38.0694564, -12.6528153], [-38.0694895, -12.6527846], [-38.0695784, -12.6528763]]]}}, {"type": "Feature", "id": "1547598540", "properties": {"leisure": "swimming_pool"}, "geometry": {"type": "Polygon", "coordinates": [[[-38.0697678, -12.6529863], [-38.0697445, -12.6530233], [-38.0696759, -12.6529821], [-38.0697092, -12.6529294], [-38.0697406, -12.6529482], [-38.0697307, -12.652964], [-38.0697678, -12.6529863]]]}}, {"type": "Feature", "id": "1547598541", "properties": {"leisure": "swimming_pool"}, "geometry": {"type": "Polygon", "coordinates": [[[-38.0699593, -12.6531397], [-38.0699446, -12.6531741], [-38.0698712, -12.653144], [-38.069886, -12.6531097], [-38.0699593, -12.6531397]]]}}, {"type": "Feature", "id": "1547598542", "properties": {"leisure": "swimming_pool"}, "geometry": {"type": "Polygon", "coordinates": [[[-38.0701124, -12.6531596], [-38.0701468, -12.6531758], [-38.0701585, -12.6531906], [-38.0701596, -12.653214], [-38.07014, -12.653239], [-38.0700755, -12.6532117], [-38.0700897, -12.6531782], [-38.0701006, -12.6531833], [-38.0701124, -12.6531596]]]}}, {"type": "Feature", "id": "1547598543", "properties": {"leisure": "swimming_pool"}, "geometry": {"type": "Polygon", "coordinates": [[[-38.0705085, -12.6532995], [-38.070502, -12.6533149], [-38.0704279, -12.6532841], [-38.0704431, -12.6532517], [-38.0705015, -12.6532773], [-38.0704939, -12.6532938], [-38.0705085, -12.6532995]]]}}, {"type": "Feature", "id": "1547598544", "properties": {"leisure": "swimming_pool"}, "geometry": {"type": "Polygon", "coordinates": [[[-38.0688052, -12.6503423], [-38.0688022, -12.6503731], [-38.0687783, -12.650404], [-38.0687629, -12.6504047], [-38.0687382, -12.6503792], [-38.0687398, -12.6503371], [-38.0688052, -12.6503423]]]}}, {"type": "Feature", "id": "1547598545", "properties": {"leisure": "swimming_pool"}, "geometry": {"type": "Polygon", "coordinates": [[[-38.0689716, -12.6504152], [-38.0689739, -12.6504009], [-38.0689624, -12.6503957], [-38.0689485, -12.6503949], [-38.0689346, -12.6503889], [-38.0689192, -12.6503979], [-38.0689185, -12.6504092], [-38.0689146, -12.6504355], [-38.0689192, -12.6504468], [-38.0689339, -12.6504438], [-38.0689547, -12.6504408], [-38.0689631, -12.6504295], [-38.0689716, -12.6504152]]]}}, {"type": "Feature", "id": "1547598546", "properties": {"leisure": "swimming_pool"}, "geometry": {"type": "Polygon", "coordinates": [[[-38.0686527, -12.6501341], [-38.0686704, -12.6501341], [-38.0686843, -12.6501484], [-38.0686882, -12.650171], [-38.0686751, -12.6501883], [-38.0686581, -12.6501935], [-38.0686419, -12.650195], [-38.0686265, -12.6501868], [-38.0686219, -12.6501702], [-38.0686319, -12.6501492], [-38.0686527, -12.6501341]]]}}, {"type": "Feature", "id": "1547598547", "properties": {"leisure": "swimming_pool"}, "geometry": {"type": "Polygon", "coordinates": [[[-38.0691863, -12.6500727], [-38.0691346, -12.6501106], [-38.0691131, -12.6500828], [-38.0691649, -12.6500449], [-38.0691863, -12.6500727]]]}}, {"type": "Feature", "id": "1547598548", "properties": {"leisure": "swimming_pool"}, "geometry": {"type": "Polygon", "coordinates": [[[-38.0693993, -12.6500951], [-38.0693583, -12.6501377], [-38.0693397, -12.6501206], [-38.0693807, -12.6500781], [-38.0693993, -12.6500951]]]}}, {"type": "Feature", "id": "1547598549", "properties": {"leisure": "swimming_pool"}, "geometry": {"type": "Polygon", "coordinates": [[[-38.0694615, -12.6500492], [-38.0694489, -12.6500385], [-38.0694293, -12.6500604], [-38.0694419, -12.650071], [-38.0694615, -12.6500492]]]}}, {"type": "Feature", "id": "1547598550", "properties": {"leisure": "swimming_pool"}, "geometry": {"type": "Polygon", "coordinates": [[[-38.069882, -12.649583], [-38.0699021, -12.6496196], [-38.0698641, -12.6496395], [-38.069844, -12.6496029], [-38.069882, -12.649583]]]}}, {"type": "Feature", "id": "1547598551", "properties": {"leisure": "swimming_pool"}, "geometry": {"type": "Polygon", "coordinates": [[[-38.0694168, -12.6495965], [-38.0693936, -12.6496197], [-38.0693424, -12.6495709], [-38.0693656, -12.6495477], [-38.0694168, -12.6495965]]]}}, {"type": "Feature", "id": "1547598552", "properties": {"leisure": "swimming_pool"}, "geometry": {"type": "Polygon", "coordinates": [[[-38.0694263, -12.6496695], [-38.0693948, -12.6496382], [-38.0693574, -12.6496741], [-38.0693889, -12.6497053], [-38.0694263, -12.6496695]]]}}, {"type": "Feature", "id": "1547598553", "properties": {"leisure": "swimming_pool"}, "geometry": {"type": "Polygon", "coordinates": [[[-38.0690434, -12.6497242], [-38.0690866, -12.6497731], [-38.0690638, -12.6497914], [-38.0690439, -12.6497731], [-38.0690282, -12.6497743], [-38.0690206, -12.6497686], [-38.0690241, -12.649756], [-38.0690165, -12.6497464], [-38.0690434, -12.6497242]]]}}, {"type": "Feature", "id": "1547598554", "properties": {"leisure": "swimming_pool"}, "geometry": {"type": "Polygon", "coordinates": [[[-38.0684289, -12.6501827], [-38.0684306, -12.6502305], [-38.0683634, -12.650214], [-38.0683624, -12.6501849], [-38.0684289, -12.6501827]]]}}, {"type": "Feature", "id": "1547598555", "properties": {"leisure": "swimming_pool"}, "geometry": {"type": "Polygon", "coordinates": [[[-38.0684224, -12.6504236], [-38.0684422, -12.6504304], [-38.068444, -12.6504498], [-38.0684428, -12.6504623], [-38.0684218, -12.6504675], [-38.0684101, -12.6504395], [-38.0683967, -12.6504378], [-38.0683985, -12.650423], [-38.0684224, -12.6504236]]]}}, {"type": "Feature", "id": "1547598556", "properties": {"leisure": "swimming_pool"}, "geometry": {"type": "Polygon", "coordinates": [[[-38.0685509, -12.6506169], [-38.0685625, -12.6506267], [-38.0685663, -12.6506425], [-38.0685663, -12.650659], [-38.0685532, -12.6506635], [-38.0685386, -12.6506665], [-38.0685263, -12.6506545], [-38.0685255, -12.6506297], [-38.0685332, -12.6506176], [-38.0685509, -12.6506169]]]}}, {"type": "Feature", "id": "1547598746", "properties": {"leisure": "swimming_pool"}, "geometry": {"type": "Polygon", "coordinates": [[[-38.0678584, -12.6509024], [-38.0678667, -12.6510324], [-38.0679345, -12.6510283], [-38.0679302, -12.6509616], [-38.0678922, -12.6509639], [-38.0678881, -12.6509006], [-38.0678584, -12.6509024]]]}}, {"type": "Feature", "id": "1547598747", "properties": {"leisure": "swimming_pool"}, "geometry": {"type": "Polygon", "coordinates": [[[-38.0673652, -12.6508832], [-38.0673814, -12.6508931], [-38.0674109, -12.6508971], [-38.0674231, -12.650914], [-38.06742, -12.6509278], [-38.0674078, -12.6509487], [-38.0673895, -12.6509526], [-38.0673743, -12.6509477], [-38.0673601, -12.6509338], [-38.0673408, -12.6509239], [-38.0673652, -12.6508832]]]}}, {"type": "Feature", "id": "1547598748", "properties": {"leisure": "swimming_pool"}, "geometry": {"type": "Polygon", "coordinates": [[[-38.0675186, -12.6503943], [-38.0674983, -12.65043], [-38.0674739, -12.65043], [-38.0674475, -12.6504727], [-38.067419, -12.6504608], [-38.0674749, -12.6503695], [-38.0675186, -12.6503943]]]}}, {"type": "Feature", "id": "1547598749", "properties": {"leisure": "swimming_pool"}, "geometry": {"type": "Polygon", "coordinates": [[[-38.0675572, -12.6501256], [-38.0675603, -12.6501513], [-38.067542, -12.6501861], [-38.0674932, -12.6501662], [-38.0675217, -12.6501087], [-38.0675572, -12.6501256]]]}}, {"type": "Feature", "id": "1547598750", "properties": {"leisure": "swimming_pool"}, "geometry": {"type": "Polygon", "coordinates": [[[-38.0679769, -12.6500848], [-38.0679832, -12.6501552], [-38.0680269, -12.6501514], [-38.0680206, -12.6500811], [-38.0679769, -12.6500848]]]}}, {"type": "Feature", "id": "1547598751", "properties": {"leisure": "swimming_pool"}, "geometry": {"type": "Polygon", "coordinates": [[[-38.0682083, -12.6506986], [-38.0681781, -12.6506627], [-38.0681499, -12.6506853], [-38.0681801, -12.6507212], [-38.0682083, -12.6506986]]]}}, {"type": "Feature", "id": "1547598752", "properties": {"leisure": "swimming_pool"}, "geometry": {"type": "Polygon", "coordinates": [[[-38.0699448, -12.6489534], [-38.0699013, -12.6490011], [-38.0698801, -12.6489827], [-38.0699236, -12.648935], [-38.0699448, -12.6489534]]]}}, {"type": "Feature", "id": "1547598753", "properties": {"leisure": "swimming_pool"}, "geometry": {"type": "Polygon", "coordinates": [[[-38.0694098, -12.6492773], [-38.0694489, -12.649238], [-38.0694246, -12.649215], [-38.0693855, -12.6492543], [-38.0694098, -12.6492773]]]}}, {"type": "Feature", "id": "1547598754", "properties": {"leisure": "swimming_pool"}, "geometry": {"type": "Polygon", "coordinates": [[[-38.0696536, -12.6488913], [-38.0696195, -12.6489403], [-38.0695928, -12.6489227], [-38.0696268, -12.6488736], [-38.0696536, -12.6488913]]]}}, {"type": "Feature", "id": "1547598755", "properties": {"leisure": "swimming_pool"}, "geometry": {"type": "Polygon", "coordinates": [[[-38.0695422, -12.6488111], [-38.069513, -12.6488657], [-38.0694836, -12.6488507], [-38.0695128, -12.6487961], [-38.0695422, -12.6488111]]]}}, {"type": "Feature", "id": "1547598756", "properties": {"leisure": "swimming_pool"}, "geometry": {"type": "Polygon", "coordinates": [[[-38.0694337, -12.6489292], [-38.0694106, -12.6489686], [-38.0694443, -12.6489875], [-38.0694526, -12.6489734], [-38.0694864, -12.6489924], [-38.0695014, -12.6489669], [-38.0694337, -12.6489292]]]}}, {"type": "Feature", "id": "1547598757", "properties": {"leisure": "swimming_pool"}, "geometry": {"type": "Polygon", "coordinates": [[[-38.0692031, -12.6490488], [-38.0691905, -12.6490711], [-38.0692365, -12.6490958], [-38.0692491, -12.6490735], [-38.0692031, -12.6490488]]]}}, {"type": "Feature", "id": "1547598758", "properties": {"leisure": "swimming_pool"}, "geometry": {"type": "Polygon", "coordinates": [[[-38.0691302, -12.6489456], [-38.0691092, -12.6489811], [-38.0690461, -12.6489455], [-38.0690671, -12.6489101], [-38.0691302, -12.6489456]]]}}, {"type": "Feature", "id": "1547598759", "properties": {"leisure": "swimming_pool"}, "geometry": {"type": "Polygon", "coordinates": [[[-38.0689968, -12.6492178], [-38.068984, -12.6492419], [-38.0689624, -12.6492309], [-38.0689355, -12.6492378], [-38.0689127, -12.6492262], [-38.0689406, -12.6491736], [-38.0689911, -12.6491992], [-38.0689845, -12.6492116], [-38.0689968, -12.6492178]]]}}, {"type": "Feature", "id": "1547598760", "properties": {"leisure": "swimming_pool"}, "geometry": {"type": "Polygon", "coordinates": [[[-38.0690902, -12.6495333], [-38.0690343, -12.6495814], [-38.0690642, -12.6496145], [-38.0690879, -12.6495941], [-38.0690879, -12.6495759], [-38.0691109, -12.6495561], [-38.0690902, -12.6495333]]]}}, {"type": "Feature", "id": "1547598761", "properties": {"leisure": "swimming_pool"}, "geometry": {"type": "Polygon", "coordinates": [[[-38.0690225, -12.6495087], [-38.0690079, -12.6495241], [-38.0689968, -12.6495258], [-38.0689834, -12.6495378], [-38.0689437, -12.6495167], [-38.0689355, -12.6494865], [-38.0689483, -12.6494683], [-38.0690225, -12.6495087]]]}}, {"type": "Feature", "id": "1547598762", "properties": {"leisure": "swimming_pool"}, "geometry": {"type": "Polygon", "coordinates": [[[-38.0687651, -12.6498359], [-38.0687307, -12.6498923], [-38.0687564, -12.6499072], [-38.0687907, -12.6498508], [-38.0687651, -12.6498359]]]}}, {"type": "Feature", "id": "1547598763", "properties": {"leisure": "swimming_pool"}, "geometry": {"type": "Polygon", "coordinates": [[[-38.0687223, -12.6497951], [-38.0686909, -12.6498534], [-38.0686573, -12.6498361], [-38.0686886, -12.6497778], [-38.0687223, -12.6497951]]]}}, {"type": "Feature", "id": "1547598764", "properties": {"leisure": "swimming_pool"}, "geometry": {"type": "Polygon", "coordinates": [[[-38.0686268, -12.6497334], [-38.0686019, -12.6497841], [-38.0685385, -12.6497546], [-38.0685507, -12.6497298], [-38.0685667, -12.6497373], [-38.0685794, -12.6497113], [-38.0686268, -12.6497334]]]}}, {"type": "Feature", "id": "1547598765", "properties": {"leisure": "swimming_pool"}, "geometry": {"type": "Polygon", "coordinates": [[[-38.0684474, -12.649651], [-38.068431, -12.6496916], [-38.068362, -12.649665], [-38.0683784, -12.6496245], [-38.0684474, -12.649651]]]}}, {"type": "Feature", "id": "1547598766", "properties": {"leisure": "swimming_pool"}, "geometry": {"type": "Polygon", "coordinates": [[[-38.0688036, -12.6488079], [-38.0687741, -12.6488595], [-38.0687464, -12.6488445], [-38.0687759, -12.6487929], [-38.0688036, -12.6488079]]]}}, {"type": "Feature", "properties": {"tipo": "AOI_TESTE", "nome": "Condominio Paraiso - AOI aproximada", "observacao": "Confirmar com levantamento cadastral antes de uso operacional."}, "geometry": {"type": "Polygon", "coordinates": [[[-38.0758, -12.6538], [-38.068, -12.6538], [-38.068, -12.647], [-38.0758, -12.647], [-38.0758, -12.6538]]]}}]}